Rk,Pos,Name,Age,G,PA,AB,R,H,2B,3B,HR,RBI,SB,CS,BB,SO,BA,OBP,SLG,OPS,OPS+,TB,GDP,HBP,SH,SF,IBB,Year
1.0,C,Mike Piazza,37.0,126.0,439.0,399.0,39.0,113.0,19.0,1.0,22.0,68.0,0.0,0.0,34.0,66.0,0.28300000000000003,0.342,0.501,0.843,122.0,200.0,13.0,3.0,0.0,3.0,2.0,2006
2.0,1B,Adrian Gonzalez*,24.0,156.0,631.0,570.0,83.0,173.0,38.0,1.0,24.0,82.0,0.0,1.0,52.0,113.0,0.304,0.36200000000000004,0.5,0.862,127.0,285.0,24.0,3.0,1.0,5.0,9.0,2006
3.0,2B,Josh Barfield,23.0,150.0,578.0,539.0,72.0,151.0,32.0,3.0,13.0,58.0,21.0,5.0,30.0,81.0,0.28,0.318,0.423,0.741,96.0,228.0,8.0,2.0,2.0,5.0,7.0,2006
4.0,SS,Khalil Greene,26.0,121.0,460.0,412.0,56.0,101.0,26.0,2.0,15.0,55.0,5.0,1.0,39.0,87.0,0.245,0.32,0.42700000000000005,0.747,97.0,176.0,15.0,7.0,0.0,2.0,0.0,2006
5.0,3B,Vinny Castilla,38.0,72.0,269.0,254.0,24.0,59.0,10.0,0.0,4.0,23.0,0.0,0.0,9.0,46.0,0.23199999999999998,0.26,0.319,0.579,54.0,81.0,5.0,2.0,0.0,4.0,0.0,2006
6.0,LF,Dave Roberts*,34.0,129.0,567.0,499.0,80.0,146.0,18.0,13.0,2.0,44.0,49.0,6.0,51.0,61.0,0.293,0.36,0.39299999999999996,0.752,101.0,196.0,5.0,4.0,7.0,5.0,2.0,2006
7.0,CF,Mike Cameron,33.0,141.0,634.0,552.0,88.0,148.0,34.0,9.0,22.0,83.0,25.0,9.0,71.0,142.0,0.268,0.355,0.48200000000000004,0.8370000000000001,121.0,266.0,8.0,6.0,0.0,5.0,2.0,2006
8.0,RF,Brian Giles*,35.0,158.0,717.0,604.0,87.0,159.0,37.0,1.0,14.0,83.0,9.0,4.0,104.0,60.0,0.263,0.374,0.397,0.7709999999999999,107.0,240.0,18.0,5.0,0.0,4.0,6.0,2006
1.0,C,Terry Kennedy*,30.0,141.0,476.0,432.0,46.0,114.0,22.0,1.0,12.0,57.0,0.0,3.0,37.0,74.0,0.264,0.324,0.40299999999999997,0.727,102.0,174.0,10.0,2.0,4.0,1.0,7.0,1986
2.0,1B,Steve Garvey,37.0,155.0,584.0,557.0,58.0,142.0,22.0,0.0,21.0,81.0,1.0,2.0,23.0,72.0,0.255,0.284,0.408,0.6920000000000001,91.0,227.0,18.0,1.0,0.0,3.0,5.0,1986
3.0,2B,Tim Flannery*,28.0,134.0,432.0,368.0,48.0,103.0,11.0,2.0,3.0,28.0,3.0,6.0,54.0,61.0,0.28,0.37799999999999995,0.345,0.723,103.0,127.0,8.0,5.0,3.0,2.0,4.0,1986
4.0,SS,Garry Templeton#,30.0,147.0,549.0,510.0,42.0,126.0,21.0,2.0,2.0,44.0,10.0,5.0,35.0,86.0,0.247,0.29600000000000004,0.308,0.603,69.0,157.0,12.0,1.0,1.0,2.0,21.0,1986
5.0,3B,Graig Nettles*,41.0,126.0,400.0,354.0,36.0,77.0,9.0,0.0,16.0,55.0,0.0,1.0,41.0,62.0,0.218,0.3,0.379,0.679,88.0,134.0,6.0,2.0,0.0,3.0,8.0,1986
6.0,LF,John Kruk*,25.0,122.0,327.0,278.0,33.0,86.0,16.0,2.0,4.0,38.0,2.0,4.0,45.0,58.0,0.309,0.40299999999999997,0.424,0.828,131.0,118.0,11.0,0.0,2.0,2.0,0.0,1986
7.0,CF,Kevin McReynolds,26.0,158.0,641.0,560.0,89.0,161.0,31.0,6.0,26.0,96.0,8.0,6.0,66.0,83.0,0.28800000000000003,0.358,0.504,0.862,138.0,282.0,9.0,1.0,5.0,9.0,6.0,1986
8.0,RF,Tony Gwynn*,26.0,160.0,701.0,642.0,107.0,211.0,33.0,7.0,14.0,59.0,37.0,9.0,52.0,35.0,0.32899999999999996,0.381,0.467,0.848,135.0,300.0,20.0,3.0,2.0,2.0,11.0,1986
1.0,C,Benito Santiago,24.0,129.0,494.0,462.0,50.0,109.0,16.0,3.0,16.0,62.0,11.0,6.0,26.0,89.0,0.23600000000000002,0.27699999999999997,0.387,0.664,88.0,179.0,9.0,1.0,3.0,2.0,6.0,1989
2.0,1B,Jack Clark,33.0,142.0,594.0,455.0,76.0,110.0,19.0,1.0,26.0,94.0,6.0,2.0,132.0,145.0,0.242,0.41,0.45899999999999996,0.8690000000000001,148.0,209.0,10.0,1.0,0.0,5.0,18.0,1989
3.0,2B,Roberto Alomar#,21.0,158.0,702.0,623.0,82.0,184.0,27.0,1.0,7.0,56.0,42.0,17.0,53.0,76.0,0.295,0.34700000000000003,0.376,0.723,107.0,234.0,10.0,1.0,17.0,8.0,4.0,1989
4.0,SS,Garry Templeton#,33.0,142.0,536.0,506.0,43.0,129.0,26.0,3.0,6.0,40.0,1.0,3.0,23.0,80.0,0.255,0.28600000000000003,0.354,0.639,82.0,179.0,15.0,0.0,4.0,3.0,12.0,1989
5.0,3B,Luis Salazar,33.0,95.0,265.0,246.0,27.0,66.0,7.0,2.0,8.0,22.0,1.0,3.0,11.0,44.0,0.268,0.302,0.41100000000000003,0.713,102.0,101.0,4.0,1.0,7.0,0.0,3.0,1989
6.0,LF,Carmelo Martinez,28.0,111.0,301.0,267.0,23.0,59.0,12.0,2.0,6.0,39.0,0.0,0.0,32.0,54.0,0.221,0.302,0.348,0.6509999999999999,85.0,93.0,12.0,0.0,0.0,2.0,3.0,1989
7.0,CF,Tony Gwynn*,29.0,158.0,679.0,604.0,82.0,203.0,27.0,7.0,4.0,62.0,40.0,16.0,56.0,30.0,0.336,0.389,0.424,0.813,132.0,256.0,12.0,1.0,11.0,7.0,16.0,1989
8.0,RF,Chris James,26.0,87.0,331.0,303.0,41.0,80.0,13.0,2.0,11.0,46.0,2.0,1.0,22.0,45.0,0.264,0.314,0.429,0.743,110.0,130.0,11.0,1.0,3.0,2.0,2.0,1989
1.0,C,Yorvit Torrealba,31.0,95.0,363.0,325.0,31.0,88.0,14.0,0.0,7.0,37.0,7.0,5.0,33.0,67.0,0.271,0.34299999999999997,0.37799999999999995,0.721,103.0,123.0,12.0,3.0,1.0,1.0,2.0,2010
2.0,1B,Adrian Gonzalez*,28.0,160.0,693.0,591.0,87.0,176.0,33.0,0.0,31.0,101.0,0.0,0.0,93.0,114.0,0.298,0.39299999999999996,0.511,0.904,152.0,302.0,15.0,2.0,2.0,4.0,35.0,2010
3.0,2B,David Eckstein,35.0,116.0,492.0,442.0,49.0,118.0,23.0,0.0,1.0,29.0,8.0,1.0,27.0,35.0,0.267,0.321,0.326,0.647,83.0,144.0,6.0,9.0,12.0,2.0,0.0,2010
4.0,SS,Miguel Tejada,36.0,59.0,253.0,235.0,31.0,63.0,10.0,0.0,8.0,32.0,2.0,0.0,15.0,28.0,0.268,0.317,0.413,0.73,104.0,97.0,3.0,2.0,1.0,0.0,0.0,2010
5.0,3B,Chase Headley#,26.0,161.0,674.0,610.0,77.0,161.0,29.0,3.0,11.0,58.0,17.0,5.0,56.0,139.0,0.264,0.327,0.375,0.7020000000000001,97.0,229.0,11.0,3.0,1.0,4.0,3.0,2010
6.0,LF,Scott Hairston,30.0,104.0,336.0,295.0,34.0,62.0,10.0,0.0,10.0,36.0,6.0,1.0,31.0,69.0,0.21,0.295,0.34600000000000003,0.64,80.0,102.0,3.0,6.0,0.0,4.0,1.0,2010
7.0,CF,Tony Gwynn*,27.0,117.0,339.0,289.0,30.0,59.0,9.0,3.0,3.0,20.0,17.0,4.0,41.0,50.0,0.204,0.304,0.287,0.591,68.0,83.0,3.0,1.0,7.0,1.0,4.0,2010
8.0,RF,Will Venable*,27.0,131.0,445.0,392.0,60.0,96.0,11.0,7.0,13.0,51.0,29.0,7.0,45.0,128.0,0.245,0.324,0.408,0.732,104.0,160.0,3.0,3.0,0.0,5.0,8.0,2010
1.0,C,Bob Barton,29.0,121.0,413.0,376.0,23.0,94.0,17.0,2.0,5.0,23.0,0.0,5.0,35.0,49.0,0.25,0.317,0.34600000000000003,0.6629999999999999,94.0,130.0,16.0,2.0,0.0,0.0,11.0,1971
2.0,1B,Nate Colbert,25.0,156.0,639.0,565.0,81.0,149.0,25.0,3.0,27.0,84.0,5.0,2.0,63.0,119.0,0.264,0.33899999999999997,0.462,0.8009999999999999,133.0,261.0,17.0,4.0,2.0,5.0,6.0,1971
3.0,2B,Don Mason*,26.0,113.0,377.0,344.0,43.0,73.0,12.0,1.0,2.0,11.0,6.0,4.0,27.0,35.0,0.212,0.27,0.27,0.54,59.0,93.0,11.0,0.0,6.0,0.0,0.0,1971
4.0,SS,Enzo Hernandez,22.0,143.0,618.0,549.0,58.0,122.0,9.0,3.0,0.0,12.0,21.0,5.0,54.0,34.0,0.222,0.295,0.25,0.545,61.0,137.0,6.0,3.0,12.0,0.0,1.0,1971
5.0,3B,Ed Spiezio,29.0,97.0,340.0,308.0,16.0,71.0,10.0,1.0,7.0,36.0,6.0,5.0,22.0,50.0,0.231,0.28600000000000003,0.33799999999999997,0.624,82.0,104.0,8.0,4.0,1.0,5.0,3.0,1971
6.0,LF,Leron Lee*,23.0,79.0,275.0,256.0,29.0,70.0,20.0,2.0,4.0,21.0,4.0,5.0,18.0,45.0,0.273,0.321,0.414,0.735,114.0,106.0,4.0,0.0,1.0,0.0,4.0,1971
7.0,CF,Cito Gaston,27.0,141.0,547.0,518.0,57.0,118.0,13.0,9.0,17.0,61.0,1.0,0.0,24.0,121.0,0.228,0.264,0.386,0.65,88.0,200.0,10.0,2.0,2.0,1.0,1.0,1971
8.0,RF,Ollie Brown,27.0,145.0,542.0,484.0,36.0,132.0,16.0,0.0,9.0,55.0,3.0,3.0,52.0,74.0,0.273,0.34600000000000003,0.36200000000000004,0.7070000000000001,107.0,175.0,10.0,3.0,1.0,2.0,5.0,1971
1.0,C,Nick Hundley,25.0,78.0,289.0,256.0,23.0,61.0,15.0,2.0,8.0,30.0,5.0,1.0,28.0,76.0,0.23800000000000002,0.313,0.406,0.7190000000000001,97.0,104.0,2.0,1.0,1.0,3.0,1.0,2009
2.0,1B,Adrian Gonzalez*,27.0,160.0,681.0,552.0,90.0,153.0,27.0,2.0,40.0,99.0,1.0,1.0,119.0,109.0,0.27699999999999997,0.40700000000000003,0.551,0.958,162.0,304.0,23.0,5.0,1.0,4.0,22.0,2009
3.0,2B,David Eckstein,34.0,136.0,568.0,503.0,64.0,131.0,27.0,2.0,2.0,51.0,3.0,1.0,39.0,46.0,0.26,0.32299999999999995,0.33399999999999996,0.657,82.0,168.0,8.0,9.0,13.0,4.0,1.0,2009
4.0,SS,Everth Cabrera#,22.0,103.0,438.0,377.0,59.0,96.0,18.0,8.0,2.0,31.0,25.0,8.0,46.0,88.0,0.255,0.342,0.361,0.703,95.0,136.0,3.0,5.0,8.0,2.0,5.0,2009
5.0,3B,Kevin Kouzmanoff,27.0,141.0,573.0,529.0,50.0,135.0,31.0,1.0,18.0,88.0,1.0,0.0,27.0,106.0,0.255,0.302,0.42,0.722,97.0,222.0,25.0,11.0,0.0,6.0,3.0,2009
6.0,LF,Chase Headley#,25.0,156.0,612.0,543.0,62.0,142.0,31.0,2.0,12.0,64.0,10.0,2.0,62.0,133.0,0.262,0.342,0.392,0.7340000000000001,102.0,213.0,19.0,5.0,0.0,2.0,3.0,2009
7.0,CF,Tony Gwynn*,26.0,119.0,451.0,393.0,59.0,106.0,11.0,6.0,2.0,21.0,11.0,7.0,48.0,65.0,0.27,0.35,0.344,0.693,93.0,135.0,2.0,2.0,5.0,3.0,2.0,2009
8.0,RF,Brian Giles*,38.0,61.0,254.0,225.0,18.0,43.0,10.0,1.0,2.0,23.0,1.0,0.0,26.0,31.0,0.191,0.27699999999999997,0.271,0.5479999999999999,52.0,61.0,6.0,1.0,0.0,1.0,2.0,2009
1.0,C,Benito Santiago,25.0,100.0,382.0,344.0,42.0,93.0,8.0,5.0,11.0,53.0,5.0,5.0,27.0,55.0,0.27,0.32299999999999995,0.419,0.741,102.0,144.0,4.0,3.0,1.0,7.0,2.0,1990
2.0,1B,Jack Clark,34.0,115.0,442.0,334.0,59.0,89.0,12.0,1.0,25.0,62.0,4.0,3.0,104.0,91.0,0.266,0.441,0.5329999999999999,0.9740000000000001,167.0,178.0,12.0,2.0,0.0,2.0,11.0,1990
3.0,2B,Roberto Alomar#,22.0,147.0,646.0,586.0,80.0,168.0,27.0,5.0,6.0,60.0,24.0,7.0,48.0,72.0,0.287,0.34,0.381,0.721,98.0,223.0,16.0,2.0,5.0,5.0,1.0,1990
4.0,SS,Garry Templeton#,34.0,144.0,541.0,505.0,45.0,125.0,25.0,3.0,9.0,59.0,1.0,4.0,24.0,59.0,0.248,0.28,0.36200000000000004,0.642,75.0,183.0,17.0,0.0,8.0,4.0,7.0,1990
5.0,3B,Mike Pagliarulo*,30.0,128.0,446.0,398.0,29.0,101.0,23.0,2.0,7.0,38.0,1.0,3.0,39.0,66.0,0.254,0.322,0.374,0.696,91.0,149.0,12.0,3.0,2.0,4.0,3.0,1990
6.0,LF,Bip Roberts#,26.0,149.0,629.0,556.0,104.0,172.0,36.0,3.0,9.0,44.0,46.0,12.0,55.0,65.0,0.309,0.375,0.433,0.809,122.0,241.0,8.0,6.0,8.0,4.0,1.0,1990
7.0,CF,Joe Carter,30.0,162.0,697.0,634.0,79.0,147.0,27.0,1.0,24.0,115.0,22.0,6.0,48.0,93.0,0.23199999999999998,0.29,0.391,0.6809999999999999,85.0,248.0,12.0,7.0,0.0,8.0,18.0,1990
8.0,RF,Tony Gwynn*,30.0,141.0,629.0,573.0,79.0,177.0,29.0,10.0,4.0,72.0,17.0,8.0,44.0,23.0,0.309,0.35700000000000004,0.415,0.772,112.0,238.0,13.0,1.0,7.0,4.0,20.0,1990
1.0,C,John Flaherty,29.0,129.0,476.0,439.0,38.0,120.0,21.0,1.0,9.0,46.0,4.0,4.0,33.0,62.0,0.273,0.32299999999999995,0.387,0.71,91.0,170.0,11.0,0.0,2.0,2.0,7.0,1997
2.0,1B,Wally Joyner*,35.0,135.0,518.0,455.0,59.0,149.0,29.0,2.0,13.0,83.0,3.0,5.0,51.0,51.0,0.327,0.39,0.486,0.8759999999999999,135.0,221.0,14.0,2.0,0.0,10.0,5.0,1997
3.0,2B,Quilvio Veras#,26.0,145.0,631.0,539.0,74.0,143.0,23.0,1.0,3.0,45.0,33.0,12.0,72.0,84.0,0.265,0.35700000000000004,0.32799999999999996,0.685,87.0,177.0,9.0,7.0,9.0,4.0,0.0,1997
4.0,SS,Chris Gomez,26.0,150.0,589.0,522.0,62.0,132.0,19.0,2.0,5.0,54.0,5.0,8.0,53.0,114.0,0.253,0.326,0.326,0.652,77.0,170.0,16.0,5.0,3.0,3.0,1.0,1997
5.0,3B,Ken Caminiti#,34.0,137.0,576.0,486.0,92.0,141.0,28.0,0.0,26.0,90.0,11.0,2.0,80.0,118.0,0.29,0.389,0.508,0.897,141.0,247.0,12.0,3.0,0.0,7.0,9.0,1997
6.0,LF,Greg Vaughn,31.0,120.0,422.0,361.0,60.0,78.0,10.0,0.0,18.0,57.0,7.0,4.0,56.0,110.0,0.21600000000000003,0.322,0.39299999999999996,0.716,93.0,142.0,7.0,2.0,0.0,3.0,1.0,1997
7.0,CF,Steve Finley*,32.0,143.0,615.0,560.0,101.0,146.0,26.0,5.0,28.0,92.0,15.0,3.0,43.0,92.0,0.261,0.313,0.475,0.7879999999999999,110.0,266.0,10.0,3.0,2.0,7.0,2.0,1997
8.0,RF,Tony Gwynn*,37.0,149.0,651.0,592.0,97.0,220.0,49.0,2.0,17.0,119.0,12.0,5.0,43.0,28.0,0.37200000000000005,0.409,0.547,0.9570000000000001,156.0,324.0,12.0,3.0,1.0,12.0,12.0,1997
1.0,C,Fred Kendall,27.0,146.0,505.0,456.0,30.0,112.0,17.0,0.0,2.0,39.0,1.0,1.0,36.0,42.0,0.24600000000000002,0.302,0.29600000000000004,0.598,77.0,135.0,20.0,3.0,5.0,5.0,4.0,1976
2.0,1B,Mike Ivie,23.0,140.0,446.0,405.0,51.0,118.0,19.0,5.0,7.0,70.0,6.0,6.0,30.0,41.0,0.29100000000000004,0.345,0.415,0.759,123.0,168.0,10.0,5.0,2.0,4.0,8.0,1976
3.0,2B,Tito Fuentes#,32.0,135.0,559.0,520.0,48.0,137.0,18.0,0.0,2.0,36.0,5.0,3.0,18.0,38.0,0.263,0.287,0.31,0.597,76.0,161.0,12.0,1.0,16.0,4.0,0.0,1976
4.0,SS,Enzo Hernandez,27.0,113.0,389.0,340.0,31.0,87.0,13.0,3.0,1.0,24.0,12.0,7.0,32.0,16.0,0.256,0.319,0.321,0.64,89.0,109.0,5.0,0.0,16.0,1.0,4.0,1976
5.0,3B,Doug Rader,31.0,139.0,540.0,471.0,45.0,121.0,22.0,4.0,9.0,55.0,3.0,4.0,55.0,102.0,0.257,0.335,0.37799999999999995,0.7120000000000001,110.0,178.0,12.0,3.0,5.0,6.0,3.0,1976
6.0,LF,Jerry Turner*,22.0,105.0,320.0,281.0,41.0,75.0,16.0,5.0,5.0,37.0,12.0,6.0,32.0,38.0,0.267,0.33899999999999997,0.413,0.7509999999999999,121.0,116.0,3.0,0.0,4.0,3.0,3.0,1976
7.0,CF,Willie Davis*,36.0,141.0,522.0,493.0,61.0,132.0,18.0,10.0,5.0,46.0,14.0,2.0,19.0,34.0,0.268,0.295,0.375,0.67,97.0,185.0,6.0,2.0,3.0,5.0,2.0,1976
8.0,RF,Dave Winfield,24.0,137.0,567.0,492.0,81.0,139.0,26.0,4.0,13.0,69.0,26.0,7.0,65.0,78.0,0.28300000000000003,0.366,0.431,0.797,135.0,212.0,14.0,3.0,2.0,5.0,8.0,1976
1.0,C,Austin Hedges,24.0,120.0,417.0,387.0,36.0,83.0,17.0,0.0,18.0,55.0,4.0,1.0,23.0,122.0,0.214,0.262,0.39799999999999996,0.66,73.0,154.0,10.0,3.0,1.0,3.0,3.0,2017
2.0,1B,Wil Myers,26.0,155.0,649.0,567.0,80.0,138.0,29.0,3.0,30.0,74.0,20.0,6.0,70.0,180.0,0.243,0.32799999999999996,0.46399999999999997,0.792,109.0,263.0,15.0,5.0,0.0,7.0,3.0,2017
3.0,2B,Carlos Asuaje*,25.0,89.0,343.0,307.0,28.0,83.0,14.0,1.0,4.0,21.0,0.0,1.0,28.0,76.0,0.27,0.33399999999999996,0.36200000000000004,0.696,87.0,111.0,6.0,2.0,5.0,1.0,0.0,2017
4.0,SS,Erick Aybar#,33.0,108.0,370.0,333.0,37.0,78.0,15.0,1.0,7.0,22.0,11.0,4.0,28.0,57.0,0.23399999999999999,0.3,0.348,0.648,73.0,116.0,5.0,4.0,3.0,2.0,2.0,2017
5.0,3B,Cory Spangenberg*,26.0,129.0,486.0,444.0,57.0,117.0,18.0,2.0,13.0,46.0,11.0,3.0,34.0,128.0,0.264,0.322,0.401,0.723,92.0,178.0,2.0,5.0,2.0,1.0,1.0,2017
6.0,LF,Jose Pirela,27.0,83.0,344.0,312.0,43.0,90.0,25.0,4.0,10.0,40.0,4.0,3.0,27.0,71.0,0.28800000000000003,0.34700000000000003,0.49,0.8370000000000001,121.0,153.0,8.0,2.0,1.0,2.0,0.0,2017
7.0,CF,Manuel Margot,22.0,126.0,529.0,487.0,53.0,128.0,18.0,7.0,13.0,39.0,17.0,7.0,35.0,106.0,0.263,0.313,0.409,0.721,91.0,199.0,6.0,2.0,1.0,4.0,0.0,2017
8.0,RF,Hunter Renfroe,25.0,122.0,479.0,445.0,51.0,103.0,25.0,1.0,26.0,58.0,3.0,0.0,27.0,140.0,0.231,0.284,0.467,0.7509999999999999,96.0,208.0,4.0,6.0,0.0,1.0,1.0,2017
1.0,C,Austin Hedges,25.0,91.0,326.0,303.0,29.0,70.0,14.0,2.0,14.0,37.0,3.0,0.0,21.0,90.0,0.231,0.282,0.429,0.711,95.0,130.0,9.0,1.0,0.0,1.0,3.0,2018
2.0,1B,Eric Hosmer*,28.0,157.0,677.0,613.0,72.0,155.0,31.0,2.0,18.0,69.0,7.0,4.0,62.0,142.0,0.253,0.322,0.39799999999999996,0.72,100.0,244.0,18.0,1.0,0.0,1.0,10.0,2018
3.0,2B,Jose Pirela,28.0,146.0,473.0,438.0,54.0,109.0,23.0,2.0,5.0,32.0,6.0,3.0,30.0,89.0,0.249,0.3,0.345,0.645,80.0,151.0,10.0,3.0,0.0,2.0,1.0,2018
4.0,SS,Freddy Galvis#,28.0,162.0,656.0,602.0,62.0,149.0,31.0,5.0,13.0,67.0,8.0,6.0,45.0,147.0,0.248,0.299,0.38,0.68,88.0,229.0,8.0,2.0,1.0,6.0,2.0,2018
5.0,3B,Christian Villanueva,27.0,110.0,384.0,351.0,42.0,83.0,15.0,0.0,20.0,46.0,3.0,0.0,23.0,104.0,0.23600000000000002,0.299,0.45,0.75,106.0,158.0,12.0,9.0,0.0,1.0,0.0,2018
6.0,LF,Hunter Renfroe,26.0,117.0,441.0,403.0,53.0,100.0,23.0,1.0,26.0,68.0,2.0,1.0,30.0,109.0,0.248,0.302,0.504,0.805,120.0,203.0,9.0,3.0,0.0,5.0,2.0,2018
7.0,CF,Manuel Margot,23.0,141.0,519.0,477.0,50.0,117.0,26.0,8.0,8.0,51.0,11.0,10.0,32.0,88.0,0.245,0.292,0.384,0.675,87.0,183.0,9.0,2.0,1.0,7.0,4.0,2018
8.0,RF,Franmil Reyes,22.0,87.0,285.0,261.0,36.0,73.0,9.0,0.0,16.0,31.0,0.0,0.0,24.0,80.0,0.28,0.34,0.498,0.838,131.0,130.0,5.0,0.0,0.0,0.0,0.0,2018
1.0,C,Terry Kennedy*,25.0,101.0,412.0,382.0,32.0,115.0,24.0,1.0,2.0,41.0,0.0,2.0,22.0,53.0,0.301,0.341,0.385,0.726,112.0,147.0,7.0,2.0,4.0,2.0,6.0,1981
2.0,1B,Broderick Perkins*,26.0,92.0,275.0,254.0,27.0,71.0,18.0,3.0,2.0,40.0,0.0,4.0,14.0,16.0,0.28,0.314,0.39799999999999996,0.711,107.0,101.0,6.0,0.0,4.0,3.0,4.0,1981
3.0,2B,Juan Bonilla,25.0,99.0,407.0,369.0,30.0,107.0,13.0,2.0,1.0,25.0,4.0,9.0,25.0,23.0,0.29,0.337,0.344,0.6809999999999999,99.0,127.0,7.0,2.0,9.0,2.0,5.0,1981
4.0,SS,Ozzie Smith#,26.0,110.0,507.0,450.0,53.0,100.0,11.0,2.0,0.0,21.0,22.0,12.0,41.0,37.0,0.222,0.294,0.256,0.5489999999999999,62.0,115.0,8.0,5.0,10.0,1.0,1.0,1981
5.0,3B,Luis Salazar,25.0,109.0,424.0,400.0,37.0,121.0,19.0,6.0,3.0,38.0,11.0,8.0,16.0,72.0,0.303,0.32899999999999996,0.40299999999999997,0.732,113.0,161.0,7.0,1.0,5.0,2.0,2.0,1981
6.0,LF,Gene Richards*,27.0,104.0,453.0,393.0,47.0,113.0,14.0,12.0,3.0,42.0,20.0,8.0,53.0,44.0,0.28800000000000003,0.373,0.40700000000000003,0.78,128.0,160.0,6.0,1.0,5.0,1.0,3.0,1981
7.0,CF,Ruppert Jones*,26.0,105.0,451.0,397.0,53.0,99.0,34.0,1.0,4.0,39.0,7.0,9.0,43.0,66.0,0.249,0.318,0.37,0.688,101.0,147.0,7.0,0.0,4.0,7.0,2.0,1981
8.0,RF,Joe Lefebvre*,25.0,86.0,286.0,246.0,31.0,63.0,13.0,4.0,8.0,31.0,6.0,4.0,35.0,33.0,0.256,0.35200000000000004,0.439,0.7909999999999999,130.0,108.0,12.0,2.0,2.0,1.0,7.0,1981
1.0,C,Carlos Hernandez,31.0,129.0,417.0,390.0,34.0,102.0,15.0,0.0,9.0,52.0,2.0,2.0,16.0,54.0,0.262,0.305,0.369,0.674,83.0,144.0,19.0,9.0,0.0,2.0,2.0,1998
2.0,1B,Wally Joyner*,36.0,131.0,494.0,439.0,58.0,131.0,30.0,1.0,12.0,80.0,1.0,2.0,51.0,44.0,0.298,0.37,0.45299999999999996,0.8240000000000001,124.0,199.0,11.0,1.0,0.0,3.0,8.0,1998
3.0,2B,Quilvio Veras#,27.0,138.0,612.0,517.0,79.0,138.0,24.0,2.0,6.0,45.0,24.0,9.0,84.0,78.0,0.267,0.373,0.35600000000000004,0.7290000000000001,101.0,184.0,6.0,6.0,1.0,4.0,2.0,1998
4.0,SS,Chris Gomez,27.0,145.0,516.0,449.0,55.0,120.0,32.0,3.0,4.0,39.0,1.0,3.0,51.0,87.0,0.267,0.34600000000000003,0.379,0.725,98.0,170.0,11.0,5.0,7.0,3.0,7.0,1998
5.0,3B,Ken Caminiti#,35.0,131.0,536.0,452.0,87.0,114.0,29.0,0.0,29.0,82.0,6.0,2.0,71.0,108.0,0.252,0.353,0.509,0.862,132.0,230.0,6.0,4.0,0.0,8.0,4.0,1998
6.0,LF,Greg Vaughn,32.0,158.0,661.0,573.0,112.0,156.0,28.0,4.0,50.0,119.0,11.0,4.0,79.0,121.0,0.272,0.363,0.597,0.96,156.0,342.0,7.0,5.0,0.0,4.0,6.0,1998
7.0,CF,Steve Finley*,33.0,159.0,674.0,619.0,92.0,154.0,40.0,6.0,14.0,67.0,12.0,3.0,45.0,103.0,0.249,0.301,0.401,0.7020000000000001,90.0,248.0,9.0,3.0,3.0,4.0,0.0,1998
8.0,RF,Tony Gwynn*,38.0,127.0,505.0,461.0,65.0,148.0,35.0,0.0,16.0,69.0,3.0,1.0,35.0,18.0,0.321,0.364,0.501,0.865,133.0,231.0,14.0,1.0,0.0,8.0,6.0,1998
1.0,C,Gene Tenace,32.0,151.0,582.0,463.0,61.0,122.0,16.0,4.0,20.0,67.0,2.0,6.0,105.0,106.0,0.263,0.40299999999999997,0.445,0.848,139.0,206.0,7.0,7.0,1.0,6.0,4.0,1979
2.0,1B,Dan Briggs*,26.0,104.0,254.0,227.0,34.0,47.0,4.0,3.0,8.0,30.0,2.0,1.0,18.0,45.0,0.207,0.27699999999999997,0.35700000000000004,0.634,78.0,81.0,3.0,5.0,1.0,3.0,5.0,1979
3.0,2B,Fernando Gonzalez,29.0,114.0,341.0,323.0,22.0,70.0,13.0,3.0,9.0,34.0,0.0,0.0,18.0,34.0,0.217,0.258,0.359,0.617,72.0,116.0,8.0,0.0,0.0,0.0,11.0,1979
4.0,SS,Ozzie Smith#,24.0,156.0,649.0,587.0,77.0,124.0,18.0,6.0,0.0,27.0,28.0,7.0,37.0,37.0,0.21100000000000002,0.26,0.262,0.522,48.0,154.0,11.0,2.0,22.0,1.0,5.0,1979
5.0,3B,Paul Dade,27.0,76.0,310.0,283.0,38.0,78.0,19.0,2.0,1.0,19.0,13.0,5.0,14.0,48.0,0.276,0.311,0.36700000000000005,0.679,91.0,104.0,6.0,2.0,7.0,3.0,0.0,1979
6.0,LF,Jerry Turner*,25.0,138.0,490.0,448.0,55.0,111.0,23.0,2.0,9.0,61.0,4.0,2.0,34.0,58.0,0.248,0.301,0.368,0.67,88.0,165.0,8.0,2.0,2.0,4.0,0.0,1979
7.0,CF,Gene Richards*,25.0,150.0,606.0,545.0,77.0,152.0,17.0,9.0,4.0,41.0,24.0,8.0,47.0,62.0,0.27899999999999997,0.34299999999999997,0.365,0.708,100.0,199.0,7.0,8.0,3.0,3.0,6.0,1979
8.0,RF,Dave Winfield,27.0,159.0,686.0,597.0,97.0,184.0,27.0,10.0,34.0,118.0,15.0,9.0,85.0,71.0,0.308,0.395,0.5579999999999999,0.953,166.0,333.0,9.0,2.0,0.0,2.0,24.0,1979
1.0,C,Ben Davis#,24.0,138.0,526.0,448.0,56.0,107.0,20.0,0.0,11.0,57.0,4.0,4.0,66.0,112.0,0.239,0.337,0.35700000000000004,0.6940000000000001,88.0,160.0,13.0,4.0,1.0,7.0,5.0,2001
2.0,1B,Ryan Klesko*,30.0,146.0,638.0,538.0,105.0,154.0,34.0,6.0,30.0,113.0,23.0,4.0,88.0,89.0,0.28600000000000003,0.384,0.539,0.9229999999999999,145.0,290.0,16.0,3.0,0.0,9.0,7.0,2001
3.0,2B,Damian Jackson,27.0,122.0,495.0,440.0,67.0,106.0,21.0,6.0,4.0,38.0,23.0,6.0,44.0,128.0,0.24100000000000002,0.316,0.34299999999999997,0.66,78.0,151.0,6.0,6.0,2.0,3.0,2.0,2001
4.0,SS,D'Angelo Jimenez#,23.0,86.0,349.0,308.0,45.0,85.0,19.0,0.0,3.0,33.0,2.0,3.0,39.0,68.0,0.276,0.355,0.36700000000000005,0.722,96.0,113.0,9.0,0.0,0.0,2.0,4.0,2001
5.0,3B,Phil Nevin,30.0,149.0,624.0,546.0,97.0,167.0,31.0,0.0,41.0,126.0,4.0,4.0,71.0,147.0,0.306,0.38799999999999996,0.588,0.976,158.0,321.0,13.0,4.0,0.0,3.0,7.0,2001
6.0,LF,Rickey Henderson,42.0,123.0,465.0,379.0,70.0,86.0,17.0,3.0,8.0,42.0,25.0,7.0,81.0,84.0,0.22699999999999998,0.366,0.35100000000000003,0.7170000000000001,95.0,133.0,8.0,3.0,0.0,2.0,0.0,2001
7.0,CF,Mark Kotsay*,25.0,119.0,460.0,406.0,67.0,118.0,29.0,1.0,10.0,58.0,13.0,5.0,48.0,58.0,0.29100000000000004,0.366,0.441,0.807,116.0,179.0,11.0,2.0,1.0,3.0,1.0,2001
8.0,RF,Bubba Trammell,29.0,142.0,546.0,490.0,66.0,128.0,20.0,3.0,25.0,92.0,2.0,2.0,48.0,78.0,0.261,0.33,0.467,0.797,112.0,229.0,10.0,4.0,0.0,4.0,2.0,2001
1.0,C,Gene Tenace,30.0,147.0,581.0,437.0,66.0,102.0,24.0,4.0,15.0,61.0,5.0,3.0,125.0,119.0,0.233,0.415,0.41,0.8240000000000001,134.0,179.0,5.0,13.0,2.0,4.0,10.0,1977
2.0,1B,Mike Ivie,24.0,134.0,535.0,489.0,66.0,133.0,29.0,2.0,9.0,66.0,3.0,2.0,39.0,57.0,0.272,0.326,0.395,0.721,103.0,193.0,6.0,2.0,1.0,4.0,4.0,1977
3.0,2B,Mike Champion,22.0,150.0,548.0,507.0,35.0,116.0,14.0,6.0,1.0,43.0,3.0,3.0,27.0,85.0,0.22899999999999998,0.271,0.28600000000000003,0.557,58.0,145.0,8.0,2.0,10.0,0.0,3.0,1977
4.0,SS,Bill Almon,24.0,155.0,670.0,613.0,75.0,160.0,18.0,11.0,2.0,43.0,20.0,9.0,37.0,114.0,0.261,0.303,0.336,0.639,81.0,206.0,14.0,0.0,20.0,0.0,1.0,1977
5.0,3B,Tucker Ashford,22.0,81.0,277.0,249.0,25.0,54.0,18.0,0.0,3.0,24.0,2.0,3.0,21.0,35.0,0.217,0.278,0.325,0.604,70.0,81.0,5.0,1.0,4.0,2.0,4.0,1977
6.0,LF,Gene Richards*,23.0,146.0,591.0,525.0,79.0,152.0,16.0,11.0,5.0,32.0,56.0,12.0,60.0,80.0,0.29,0.363,0.39,0.754,113.0,205.0,9.0,2.0,2.0,2.0,12.0,1977
7.0,CF,George Hendrick,27.0,152.0,608.0,541.0,75.0,168.0,25.0,2.0,23.0,81.0,11.0,6.0,61.0,74.0,0.311,0.381,0.49200000000000005,0.873,145.0,266.0,9.0,2.0,1.0,2.0,8.0,1977
8.0,RF,Dave Winfield,25.0,157.0,678.0,615.0,104.0,169.0,29.0,7.0,25.0,92.0,16.0,7.0,58.0,75.0,0.275,0.335,0.467,0.8009999999999999,124.0,287.0,12.0,0.0,0.0,5.0,10.0,1977
1.0,C,John Flaherty,28.0,72.0,279.0,264.0,22.0,80.0,12.0,0.0,9.0,41.0,2.0,3.0,9.0,36.0,0.303,0.327,0.451,0.778,109.0,119.0,8.0,2.0,1.0,3.0,1.0,1996
2.0,1B,Wally Joyner*,34.0,121.0,510.0,433.0,59.0,120.0,29.0,1.0,8.0,65.0,5.0,3.0,69.0,71.0,0.27699999999999997,0.377,0.40399999999999997,0.7809999999999999,112.0,175.0,6.0,3.0,1.0,4.0,8.0,1996
3.0,2B,Jody Reed,33.0,146.0,568.0,495.0,45.0,121.0,20.0,0.0,2.0,49.0,2.0,5.0,59.0,53.0,0.244,0.325,0.297,0.622,71.0,147.0,15.0,3.0,5.0,6.0,8.0,1996
4.0,SS,Chris Gomez,25.0,89.0,378.0,328.0,32.0,86.0,16.0,1.0,3.0,29.0,2.0,2.0,39.0,64.0,0.262,0.349,0.345,0.6940000000000001,89.0,113.0,11.0,6.0,3.0,2.0,1.0,1996
5.0,3B,Ken Caminiti#,33.0,146.0,639.0,546.0,109.0,178.0,37.0,2.0,40.0,130.0,11.0,5.0,78.0,99.0,0.326,0.408,0.621,1.028,174.0,339.0,15.0,4.0,0.0,10.0,16.0,1996
6.0,LF,Rickey Henderson,37.0,148.0,602.0,465.0,110.0,112.0,17.0,2.0,9.0,29.0,37.0,15.0,125.0,90.0,0.24100000000000002,0.41,0.344,0.754,108.0,160.0,5.0,10.0,0.0,2.0,2.0,1996
7.0,CF,Steve Finley*,31.0,161.0,721.0,655.0,126.0,195.0,45.0,9.0,30.0,95.0,22.0,8.0,56.0,87.0,0.298,0.354,0.531,0.885,136.0,348.0,20.0,4.0,1.0,5.0,5.0,1996
8.0,RF,Tony Gwynn*,36.0,116.0,498.0,451.0,67.0,159.0,27.0,2.0,3.0,50.0,11.0,4.0,39.0,17.0,0.353,0.4,0.441,0.8420000000000001,128.0,199.0,17.0,1.0,1.0,6.0,12.0,1996
1.0,C,Derek Norris,27.0,125.0,458.0,415.0,50.0,77.0,17.0,0.0,14.0,42.0,9.0,2.0,36.0,139.0,0.18600000000000003,0.255,0.32799999999999996,0.583,58.0,136.0,9.0,4.0,0.0,3.0,5.0,2016
2.0,1B,Wil Myers,25.0,157.0,676.0,599.0,99.0,155.0,29.0,4.0,28.0,94.0,28.0,6.0,68.0,160.0,0.259,0.336,0.461,0.797,115.0,276.0,12.0,4.0,0.0,5.0,1.0,2016
3.0,2B,Ryan Schimpf*,28.0,89.0,330.0,276.0,48.0,60.0,17.0,5.0,20.0,51.0,1.0,1.0,42.0,105.0,0.217,0.336,0.5329999999999999,0.8690000000000001,132.0,147.0,3.0,9.0,0.0,3.0,3.0,2016
4.0,SS,Alexei Ram√≠rez,34.0,128.0,444.0,421.0,33.0,101.0,19.0,2.0,5.0,41.0,6.0,9.0,17.0,56.0,0.24,0.275,0.33,0.605,64.0,139.0,7.0,4.0,0.0,2.0,3.0,2016
5.0,3B,Yangervis Solarte#,28.0,109.0,443.0,405.0,55.0,116.0,26.0,1.0,15.0,71.0,1.0,1.0,30.0,63.0,0.28600000000000003,0.341,0.467,0.8079999999999999,118.0,189.0,7.0,5.0,0.0,3.0,1.0,2016
6.0,LF,Melvin Upton Jr.,31.0,92.0,374.0,344.0,46.0,88.0,11.0,2.0,16.0,45.0,20.0,5.0,23.0,106.0,0.256,0.304,0.439,0.743,99.0,151.0,5.0,2.0,1.0,3.0,1.0,2016
7.0,CF,Travis Jankowski*,25.0,131.0,383.0,335.0,53.0,82.0,13.0,2.0,2.0,12.0,30.0,12.0,42.0,100.0,0.245,0.332,0.313,0.6459999999999999,78.0,105.0,5.0,2.0,3.0,0.0,0.0,2016
8.0,RF,Matt Kemp,31.0,100.0,431.0,409.0,54.0,107.0,24.0,0.0,23.0,69.0,0.0,0.0,16.0,100.0,0.262,0.285,0.489,0.774,106.0,200.0,8.0,0.0,0.0,6.0,3.0,2016
1.0,C,Gene Tenace,33.0,133.0,416.0,316.0,46.0,70.0,11.0,1.0,17.0,50.0,4.0,4.0,92.0,63.0,0.222,0.39899999999999997,0.424,0.823,137.0,134.0,11.0,4.0,0.0,4.0,11.0,1980
2.0,1B,Willie Montanez*,32.0,128.0,526.0,481.0,39.0,132.0,12.0,4.0,6.0,63.0,3.0,4.0,36.0,52.0,0.27399999999999997,0.325,0.353,0.679,95.0,170.0,9.0,3.0,0.0,6.0,9.0,1980
3.0,2B,Dave Cash,32.0,130.0,437.0,397.0,25.0,90.0,14.0,2.0,1.0,23.0,6.0,5.0,35.0,21.0,0.22699999999999998,0.287,0.28,0.5670000000000001,64.0,111.0,16.0,0.0,2.0,3.0,5.0,1980
4.0,SS,Ozzie Smith#,25.0,158.0,712.0,609.0,67.0,140.0,18.0,5.0,0.0,35.0,57.0,15.0,71.0,49.0,0.23,0.313,0.276,0.589,71.0,168.0,9.0,5.0,23.0,4.0,1.0,1980
5.0,3B,Aurelio Rodriguez,32.0,89.0,183.0,175.0,7.0,35.0,7.0,2.0,2.0,13.0,1.0,1.0,6.0,26.0,0.2,0.22699999999999998,0.297,0.524,49.0,52.0,5.0,0.0,2.0,0.0,0.0,1980
6.0,LF,Gene Richards*,26.0,158.0,712.0,642.0,91.0,193.0,26.0,8.0,4.0,41.0,61.0,16.0,61.0,73.0,0.301,0.363,0.385,0.748,115.0,247.0,9.0,2.0,7.0,0.0,7.0,1980
7.0,CF,Jerry Mumphrey#,27.0,160.0,622.0,564.0,61.0,168.0,24.0,3.0,4.0,59.0,52.0,5.0,49.0,90.0,0.298,0.35200000000000004,0.37200000000000005,0.7240000000000001,108.0,210.0,18.0,0.0,5.0,4.0,4.0,1980
8.0,RF,Dave Winfield,28.0,162.0,643.0,558.0,89.0,154.0,25.0,6.0,20.0,87.0,23.0,7.0,79.0,83.0,0.276,0.365,0.45,0.815,133.0,251.0,13.0,2.0,0.0,4.0,14.0,1980
1.0,C,Austin Hedges,26.0,102.0,347.0,312.0,28.0,55.0,9.0,0.0,11.0,36.0,1.0,0.0,27.0,109.0,0.17600000000000002,0.252,0.311,0.563,50.0,97.0,3.0,5.0,2.0,1.0,3.0,2019
2.0,1B,Eric Hosmer*,29.0,160.0,667.0,619.0,72.0,164.0,29.0,2.0,22.0,99.0,0.0,3.0,40.0,163.0,0.265,0.31,0.425,0.735,94.0,263.0,12.0,3.0,0.0,5.0,3.0,2019
3.0,2B,Ian Kinsler,37.0,87.0,281.0,258.0,28.0,56.0,12.0,0.0,9.0,22.0,2.0,4.0,19.0,54.0,0.217,0.278,0.368,0.6459999999999999,71.0,95.0,5.0,3.0,0.0,1.0,0.0,2019
4.0,SS,Fernando Tatis Jr.,20.0,84.0,372.0,334.0,61.0,106.0,13.0,6.0,22.0,53.0,16.0,6.0,30.0,110.0,0.317,0.379,0.59,0.9690000000000001,154.0,197.0,4.0,5.0,0.0,3.0,1.0,2019
5.0,3B,Manny Machado,26.0,156.0,661.0,587.0,81.0,150.0,21.0,2.0,32.0,85.0,5.0,3.0,65.0,128.0,0.256,0.33399999999999996,0.462,0.7959999999999999,110.0,271.0,24.0,6.0,0.0,3.0,3.0,2019
6.0,LF,Wil Myers,28.0,155.0,490.0,435.0,58.0,104.0,22.0,1.0,18.0,53.0,16.0,7.0,51.0,168.0,0.239,0.321,0.418,0.7390000000000001,96.0,182.0,12.0,2.0,1.0,1.0,0.0,2019
7.0,CF,Manuel Margot,24.0,151.0,441.0,398.0,59.0,93.0,19.0,3.0,12.0,37.0,20.0,4.0,38.0,88.0,0.23399999999999999,0.304,0.387,0.691,83.0,154.0,6.0,2.0,3.0,0.0,1.0,2019
8.0,RF,Franmil Reyes,23.0,99.0,354.0,321.0,43.0,82.0,9.0,0.0,27.0,46.0,0.0,0.0,29.0,93.0,0.255,0.314,0.536,0.8490000000000001,121.0,172.0,12.0,0.0,0.0,4.0,1.0,2019
1.0,C,Gene Tenace,32.0,151.0,582.0,463.0,61.0,122.0,16.0,4.0,20.0,67.0,2.0,6.0,105.0,106.0,0.263,0.40299999999999997,0.445,0.848,139.0,206.0,7.0,7.0,1.0,6.0,4.0,1978
2.0,1B,Dan Briggs*,26.0,104.0,254.0,227.0,34.0,47.0,4.0,3.0,8.0,30.0,2.0,1.0,18.0,45.0,0.207,0.27699999999999997,0.35700000000000004,0.634,78.0,81.0,3.0,5.0,1.0,3.0,5.0,1978
3.0,2B,Fernando Gonzalez,29.0,114.0,341.0,323.0,22.0,70.0,13.0,3.0,9.0,34.0,0.0,0.0,18.0,34.0,0.217,0.258,0.359,0.617,72.0,116.0,8.0,0.0,0.0,0.0,11.0,1978
4.0,SS,Ozzie Smith#,24.0,156.0,649.0,587.0,77.0,124.0,18.0,6.0,0.0,27.0,28.0,7.0,37.0,37.0,0.21100000000000002,0.26,0.262,0.522,48.0,154.0,11.0,2.0,22.0,1.0,5.0,1978
5.0,3B,Paul Dade,27.0,76.0,310.0,283.0,38.0,78.0,19.0,2.0,1.0,19.0,13.0,5.0,14.0,48.0,0.276,0.311,0.36700000000000005,0.679,91.0,104.0,6.0,2.0,7.0,3.0,0.0,1978
6.0,LF,Jerry Turner*,25.0,138.0,490.0,448.0,55.0,111.0,23.0,2.0,9.0,61.0,4.0,2.0,34.0,58.0,0.248,0.301,0.368,0.67,88.0,165.0,8.0,2.0,2.0,4.0,0.0,1978
7.0,CF,Gene Richards*,25.0,150.0,606.0,545.0,77.0,152.0,17.0,9.0,4.0,41.0,24.0,8.0,47.0,62.0,0.27899999999999997,0.34299999999999997,0.365,0.708,100.0,199.0,7.0,8.0,3.0,3.0,6.0,1978
8.0,RF,Dave Winfield,27.0,159.0,686.0,597.0,97.0,184.0,27.0,10.0,34.0,118.0,15.0,9.0,85.0,71.0,0.308,0.395,0.5579999999999999,0.953,166.0,333.0,9.0,2.0,0.0,2.0,24.0,1978
1.0,C,Wiki Gonzalez,26.0,95.0,319.0,284.0,25.0,66.0,15.0,1.0,5.0,30.0,1.0,2.0,30.0,31.0,0.23199999999999998,0.311,0.345,0.6559999999999999,72.0,98.0,5.0,3.0,1.0,1.0,4.0,2000
2.0,1B,Ryan Klesko*,29.0,145.0,590.0,494.0,88.0,140.0,33.0,2.0,26.0,92.0,23.0,7.0,91.0,81.0,0.28300000000000003,0.39299999999999996,0.516,0.909,136.0,255.0,10.0,1.0,0.0,4.0,9.0,2000
3.0,2B,Bret Boone,31.0,127.0,525.0,463.0,61.0,116.0,18.0,2.0,19.0,74.0,8.0,4.0,50.0,97.0,0.251,0.326,0.42100000000000004,0.747,94.0,195.0,11.0,5.0,0.0,7.0,7.0,2000
4.0,SS,Damian Jackson,26.0,138.0,541.0,470.0,68.0,120.0,27.0,6.0,6.0,37.0,28.0,6.0,62.0,108.0,0.255,0.345,0.377,0.721,89.0,177.0,7.0,3.0,4.0,2.0,2.0,2000
5.0,3B,Phil Nevin,29.0,143.0,605.0,538.0,87.0,163.0,34.0,1.0,31.0,107.0,2.0,0.0,59.0,121.0,0.303,0.374,0.5429999999999999,0.9159999999999999,136.0,292.0,17.0,4.0,0.0,4.0,9.0,2000
6.0,LF,Al Martin*,32.0,93.0,378.0,346.0,62.0,106.0,13.0,6.0,11.0,27.0,6.0,8.0,28.0,54.0,0.306,0.36,0.474,0.8340000000000001,116.0,164.0,2.0,2.0,0.0,2.0,5.0,2000
7.0,CF,Ruben Rivera,26.0,135.0,479.0,423.0,62.0,88.0,18.0,6.0,17.0,57.0,8.0,4.0,44.0,137.0,0.20800000000000002,0.29600000000000004,0.4,0.696,80.0,169.0,8.0,10.0,0.0,2.0,1.0,2000
8.0,RF,Eric Owens,29.0,145.0,636.0,583.0,87.0,171.0,19.0,7.0,6.0,51.0,29.0,14.0,45.0,63.0,0.293,0.34600000000000003,0.381,0.727,90.0,222.0,16.0,4.0,0.0,4.0,4.0,2000
1.0,C,Ben Davis#,22.0,76.0,293.0,266.0,29.0,65.0,14.0,1.0,5.0,30.0,2.0,1.0,25.0,70.0,0.244,0.307,0.361,0.6679999999999999,75.0,96.0,9.0,0.0,0.0,2.0,3.0,1999
2.0,1B,Wally Joyner*,37.0,110.0,386.0,323.0,34.0,80.0,14.0,2.0,5.0,43.0,0.0,1.0,58.0,54.0,0.248,0.363,0.35,0.713,89.0,113.0,8.0,2.0,0.0,3.0,6.0,1999
3.0,2B,Quilvio Veras#,28.0,132.0,545.0,475.0,95.0,133.0,25.0,2.0,6.0,41.0,30.0,17.0,65.0,88.0,0.28,0.368,0.379,0.747,97.0,180.0,7.0,2.0,1.0,2.0,0.0,1999
4.0,SS,Damian Jackson,25.0,133.0,447.0,388.0,56.0,87.0,20.0,2.0,9.0,39.0,34.0,10.0,53.0,105.0,0.22399999999999998,0.32,0.35600000000000004,0.6759999999999999,77.0,138.0,2.0,3.0,0.0,3.0,3.0,1999
5.0,3B,Phil Nevin,28.0,128.0,441.0,383.0,52.0,103.0,27.0,0.0,24.0,85.0,1.0,0.0,51.0,82.0,0.26899999999999996,0.35200000000000004,0.527,0.88,127.0,202.0,7.0,1.0,1.0,5.0,1.0,1999
6.0,LF,Reggie Sanders,31.0,133.0,550.0,478.0,92.0,136.0,24.0,7.0,26.0,72.0,36.0,13.0,65.0,108.0,0.285,0.376,0.527,0.904,134.0,252.0,10.0,6.0,0.0,1.0,1.0,1999
7.0,CF,Ruben Rivera,25.0,147.0,475.0,411.0,65.0,80.0,16.0,1.0,23.0,48.0,18.0,7.0,55.0,143.0,0.195,0.295,0.406,0.701,82.0,167.0,9.0,5.0,0.0,4.0,1.0,1999
8.0,RF,Tony Gwynn*,39.0,111.0,446.0,411.0,59.0,139.0,27.0,0.0,10.0,62.0,7.0,2.0,29.0,14.0,0.33799999999999997,0.381,0.47700000000000004,0.858,124.0,196.0,15.0,2.0,0.0,4.0,5.0,1999
1.0,C,Josh Bard#,29.0,118.0,443.0,389.0,42.0,111.0,27.0,2.0,5.0,51.0,0.0,1.0,50.0,58.0,0.285,0.364,0.40399999999999997,0.768,108.0,157.0,16.0,0.0,1.0,3.0,7.0,2007
2.0,1B,Adrian Gonzalez*,25.0,161.0,720.0,646.0,101.0,182.0,46.0,3.0,30.0,100.0,0.0,0.0,65.0,140.0,0.282,0.34700000000000003,0.502,0.8490000000000001,126.0,324.0,6.0,3.0,0.0,6.0,9.0,2007
3.0,2B,Marcus Giles,29.0,116.0,476.0,420.0,52.0,96.0,19.0,3.0,4.0,39.0,10.0,3.0,44.0,82.0,0.22899999999999998,0.304,0.317,0.621,69.0,133.0,10.0,3.0,6.0,3.0,0.0,2007
4.0,SS,Khalil Greene,27.0,153.0,659.0,611.0,89.0,155.0,44.0,3.0,27.0,97.0,4.0,0.0,32.0,128.0,0.254,0.29100000000000004,0.46799999999999997,0.759,101.0,286.0,12.0,5.0,0.0,11.0,3.0,2007
5.0,3B,Kevin Kouzmanoff,25.0,145.0,534.0,484.0,57.0,133.0,30.0,2.0,18.0,74.0,1.0,0.0,32.0,94.0,0.275,0.32899999999999996,0.457,0.7859999999999999,110.0,221.0,9.0,10.0,2.0,6.0,2.0,2007
6.0,LF,Terrmel Sledge*,30.0,100.0,233.0,200.0,22.0,42.0,9.0,0.0,7.0,23.0,1.0,2.0,27.0,60.0,0.21,0.31,0.36,0.67,81.0,72.0,7.0,3.0,1.0,2.0,2.0,2007
7.0,CF,Mike Cameron,34.0,151.0,651.0,571.0,88.0,138.0,33.0,6.0,21.0,78.0,18.0,5.0,67.0,160.0,0.242,0.32799999999999996,0.431,0.759,104.0,246.0,9.0,8.0,2.0,3.0,1.0,2007
8.0,RF,Brian Giles*,36.0,121.0,552.0,483.0,72.0,131.0,27.0,2.0,13.0,51.0,4.0,6.0,64.0,61.0,0.271,0.361,0.41600000000000004,0.777,110.0,201.0,8.0,4.0,0.0,1.0,5.0,2007
1.0,C,Benito Santiago,22.0,146.0,572.0,546.0,64.0,164.0,33.0,2.0,18.0,79.0,21.0,12.0,16.0,112.0,0.3,0.324,0.467,0.7909999999999999,111.0,255.0,12.0,5.0,1.0,4.0,2.0,1987
2.0,1B,John Kruk*,26.0,138.0,527.0,447.0,72.0,140.0,14.0,2.0,20.0,91.0,18.0,10.0,73.0,93.0,0.313,0.406,0.488,0.894,140.0,218.0,6.0,0.0,3.0,4.0,15.0,1987
3.0,2B,Tim Flannery*,29.0,106.0,326.0,276.0,23.0,63.0,5.0,1.0,0.0,20.0,2.0,4.0,42.0,30.0,0.228,0.332,0.254,0.586,61.0,70.0,6.0,2.0,4.0,2.0,4.0,1987
4.0,SS,Garry Templeton#,31.0,148.0,561.0,510.0,42.0,113.0,13.0,5.0,5.0,48.0,14.0,3.0,42.0,92.0,0.222,0.281,0.29600000000000004,0.5770000000000001,56.0,151.0,15.0,1.0,5.0,3.0,11.0,1987
5.0,3B,Kevin Mitchell,25.0,62.0,217.0,196.0,19.0,48.0,7.0,1.0,7.0,26.0,0.0,0.0,20.0,38.0,0.245,0.313,0.39799999999999996,0.711,91.0,78.0,5.0,0.0,0.0,1.0,3.0,1987
6.0,LF,Carmelo Martinez,26.0,139.0,525.0,447.0,59.0,122.0,21.0,2.0,15.0,70.0,5.0,5.0,70.0,82.0,0.273,0.37200000000000005,0.43,0.802,116.0,192.0,11.0,3.0,1.0,4.0,5.0,1987
7.0,CF,Stan Jefferson#,24.0,116.0,469.0,422.0,59.0,97.0,8.0,7.0,8.0,29.0,34.0,11.0,39.0,92.0,0.23,0.29600000000000004,0.33899999999999997,0.635,71.0,143.0,6.0,2.0,3.0,3.0,2.0,1987
8.0,RF,Tony Gwynn*,27.0,157.0,680.0,589.0,119.0,218.0,36.0,13.0,7.0,54.0,56.0,12.0,82.0,35.0,0.37,0.447,0.511,0.958,158.0,301.0,13.0,3.0,2.0,4.0,26.0,1987
1.0,C,Nick Hundley,27.0,82.0,308.0,281.0,34.0,81.0,16.0,5.0,9.0,29.0,1.0,1.0,22.0,74.0,0.28800000000000003,0.34700000000000003,0.47700000000000004,0.8240000000000001,132.0,134.0,3.0,4.0,0.0,1.0,3.0,2011
2.0,1B,Jesus Guzman,27.0,76.0,271.0,247.0,33.0,77.0,22.0,2.0,5.0,44.0,9.0,2.0,22.0,43.0,0.312,0.369,0.478,0.847,139.0,118.0,6.0,1.0,0.0,1.0,2.0,2011
3.0,2B,Orlando Hudson#,33.0,119.0,454.0,398.0,54.0,98.0,15.0,3.0,7.0,43.0,19.0,3.0,49.0,84.0,0.24600000000000002,0.32899999999999996,0.35200000000000004,0.6809999999999999,94.0,140.0,5.0,2.0,1.0,4.0,6.0,2011
4.0,SS,Jason Bartlett,31.0,139.0,618.0,554.0,61.0,136.0,22.0,3.0,2.0,40.0,23.0,10.0,48.0,98.0,0.245,0.308,0.307,0.615,76.0,170.0,13.0,5.0,5.0,6.0,0.0,2011
5.0,3B,Chase Headley#,27.0,113.0,439.0,381.0,43.0,110.0,28.0,1.0,4.0,44.0,13.0,2.0,52.0,92.0,0.289,0.374,0.39899999999999997,0.773,120.0,152.0,6.0,2.0,1.0,3.0,8.0,2011
6.0,LF,Ryan Ludwick,32.0,101.0,425.0,378.0,42.0,90.0,18.0,0.0,11.0,64.0,1.0,1.0,32.0,87.0,0.23800000000000002,0.301,0.373,0.674,90.0,141.0,8.0,4.0,1.0,5.0,1.0,2011
7.0,CF,Cameron Maybin,24.0,137.0,568.0,516.0,82.0,136.0,24.0,8.0,9.0,40.0,40.0,8.0,44.0,125.0,0.264,0.32299999999999995,0.39299999999999996,0.716,103.0,203.0,6.0,2.0,4.0,2.0,2.0,2011
8.0,RF,Will Venable*,28.0,121.0,411.0,370.0,49.0,91.0,14.0,7.0,9.0,44.0,26.0,3.0,31.0,92.0,0.24600000000000002,0.31,0.395,0.7040000000000001,99.0,146.0,2.0,5.0,1.0,4.0,4.0,2011
1.0,C,Chris Cannizzaro,31.0,134.0,469.0,418.0,23.0,92.0,14.0,3.0,4.0,33.0,0.0,1.0,42.0,81.0,0.22,0.29,0.297,0.5870000000000001,68.0,124.0,16.0,0.0,7.0,2.0,8.0,1969
2.0,1B,Nate Colbert,23.0,139.0,532.0,483.0,64.0,123.0,20.0,9.0,24.0,66.0,6.0,4.0,45.0,123.0,0.255,0.322,0.48200000000000004,0.804,127.0,233.0,13.0,3.0,1.0,0.0,7.0,1969
3.0,2B,Jose Arcia,25.0,120.0,321.0,302.0,35.0,65.0,11.0,3.0,0.0,10.0,14.0,7.0,14.0,47.0,0.215,0.255,0.272,0.526,50.0,82.0,7.0,2.0,3.0,0.0,0.0,1969
4.0,SS,Tommy Dean,23.0,101.0,308.0,273.0,14.0,48.0,9.0,2.0,2.0,9.0,0.0,3.0,27.0,54.0,0.17600000000000002,0.251,0.245,0.496,42.0,67.0,4.0,1.0,5.0,2.0,4.0,1969
5.0,3B,Ed Spiezio,27.0,121.0,400.0,355.0,29.0,83.0,9.0,0.0,13.0,43.0,1.0,2.0,38.0,64.0,0.23399999999999999,0.313,0.369,0.682,94.0,131.0,8.0,4.0,1.0,2.0,3.0,1969
6.0,LF,Al Ferrara,29.0,138.0,421.0,366.0,39.0,95.0,22.0,1.0,14.0,56.0,0.0,0.0,45.0,69.0,0.26,0.349,0.44,0.789,124.0,161.0,7.0,7.0,0.0,3.0,5.0,1969
7.0,CF,Cito Gaston,25.0,129.0,419.0,391.0,20.0,90.0,11.0,7.0,2.0,28.0,4.0,4.0,24.0,117.0,0.23,0.275,0.309,0.585,67.0,121.0,10.0,1.0,1.0,2.0,0.0,1969
8.0,RF,Ollie Brown,25.0,151.0,621.0,568.0,76.0,150.0,18.0,3.0,20.0,61.0,10.0,6.0,44.0,97.0,0.264,0.319,0.41200000000000003,0.731,108.0,234.0,12.0,3.0,4.0,2.0,3.0,1969
1.0,C,Benito Santiago,23.0,139.0,527.0,492.0,49.0,122.0,22.0,2.0,10.0,46.0,15.0,7.0,24.0,82.0,0.248,0.282,0.36200000000000004,0.643,85.0,178.0,18.0,1.0,5.0,5.0,2.0,1988
2.0,1B,Keith Moreland,34.0,143.0,562.0,511.0,40.0,131.0,23.0,0.0,5.0,64.0,2.0,3.0,40.0,51.0,0.256,0.305,0.331,0.636,84.0,169.0,17.0,0.0,2.0,9.0,6.0,1988
3.0,2B,Roberto Alomar#,20.0,143.0,611.0,545.0,84.0,145.0,24.0,6.0,9.0,41.0,24.0,6.0,47.0,83.0,0.266,0.32799999999999996,0.382,0.7090000000000001,105.0,208.0,15.0,3.0,16.0,0.0,5.0,1988
4.0,SS,Garry Templeton#,32.0,110.0,392.0,362.0,35.0,90.0,15.0,7.0,3.0,36.0,8.0,2.0,20.0,50.0,0.249,0.28600000000000003,0.354,0.639,84.0,128.0,6.0,0.0,7.0,3.0,10.0,1988
5.0,3B,Chris Brown,26.0,80.0,274.0,247.0,14.0,58.0,6.0,0.0,2.0,19.0,0.0,0.0,19.0,49.0,0.235,0.295,0.28300000000000003,0.579,68.0,70.0,9.0,3.0,3.0,2.0,3.0,1988
6.0,LF,Carmelo Martinez,27.0,121.0,405.0,365.0,48.0,86.0,12.0,0.0,18.0,65.0,1.0,1.0,35.0,57.0,0.23600000000000002,0.301,0.41600000000000004,0.7170000000000001,106.0,152.0,10.0,0.0,3.0,2.0,3.0,1988
7.0,CF,Marvell Wynne*,28.0,128.0,369.0,333.0,37.0,88.0,13.0,4.0,11.0,42.0,3.0,4.0,31.0,62.0,0.264,0.325,0.426,0.752,116.0,142.0,3.0,0.0,3.0,2.0,2.0,1988
8.0,RF,Tony Gwynn*,28.0,133.0,578.0,521.0,64.0,163.0,22.0,5.0,7.0,70.0,26.0,11.0,51.0,40.0,0.313,0.373,0.415,0.787,128.0,216.0,11.0,0.0,4.0,2.0,13.0,1988
1.0,C,Benito Santiago,26.0,152.0,614.0,580.0,60.0,155.0,22.0,3.0,17.0,87.0,8.0,10.0,23.0,114.0,0.267,0.29600000000000004,0.40299999999999997,0.7,93.0,234.0,21.0,4.0,0.0,7.0,5.0,1991
2.0,1B,Fred McGriff*,27.0,153.0,642.0,528.0,84.0,147.0,19.0,1.0,31.0,106.0,4.0,1.0,105.0,135.0,0.278,0.396,0.494,0.89,147.0,261.0,14.0,2.0,0.0,7.0,26.0,1991
3.0,2B,Bip Roberts#,27.0,117.0,472.0,424.0,66.0,119.0,13.0,3.0,3.0,32.0,26.0,11.0,37.0,71.0,0.281,0.342,0.34700000000000003,0.6890000000000001,92.0,147.0,6.0,4.0,4.0,3.0,0.0,1991
4.0,SS,Tony Fernandez#,29.0,145.0,621.0,558.0,81.0,152.0,27.0,5.0,4.0,38.0,23.0,9.0,55.0,74.0,0.272,0.337,0.36,0.6970000000000001,95.0,201.0,12.0,0.0,7.0,1.0,0.0,1991
5.0,3B,Scott Coolbaugh,25.0,60.0,205.0,180.0,12.0,39.0,8.0,1.0,2.0,15.0,0.0,3.0,19.0,45.0,0.217,0.294,0.306,0.599,67.0,55.0,8.0,1.0,4.0,1.0,2.0,1991
6.0,LF,Jerald Clark,27.0,118.0,411.0,369.0,26.0,84.0,16.0,0.0,10.0,47.0,2.0,1.0,31.0,90.0,0.228,0.295,0.35200000000000004,0.647,80.0,130.0,10.0,6.0,1.0,4.0,2.0,1991
7.0,CF,Darrin Jackson,27.0,122.0,394.0,359.0,51.0,94.0,12.0,1.0,21.0,49.0,5.0,3.0,27.0,66.0,0.262,0.315,0.47600000000000003,0.7909999999999999,117.0,171.0,5.0,2.0,3.0,3.0,2.0,1991
8.0,RF,Tony Gwynn*,31.0,134.0,569.0,530.0,69.0,168.0,27.0,11.0,4.0,62.0,8.0,8.0,34.0,19.0,0.317,0.355,0.43200000000000005,0.787,118.0,229.0,11.0,0.0,0.0,5.0,8.0,1991
1.0,C,Chris Cannizzaro,32.0,111.0,397.0,341.0,27.0,95.0,13.0,3.0,5.0,42.0,2.0,7.0,48.0,49.0,0.27899999999999997,0.366,0.37799999999999995,0.745,105.0,129.0,9.0,1.0,4.0,3.0,8.0,1970
2.0,1B,Nate Colbert,24.0,156.0,636.0,572.0,84.0,148.0,17.0,6.0,38.0,86.0,3.0,5.0,56.0,150.0,0.259,0.32799999999999996,0.509,0.836,126.0,291.0,11.0,4.0,1.0,3.0,8.0,1970
3.0,2B,Dave Campbell,28.0,154.0,635.0,581.0,71.0,127.0,28.0,2.0,12.0,40.0,18.0,6.0,40.0,115.0,0.21899999999999997,0.268,0.336,0.604,65.0,195.0,7.0,1.0,9.0,4.0,2.0,1970
4.0,SS,Tommy Dean,24.0,61.0,177.0,158.0,18.0,35.0,5.0,1.0,2.0,13.0,2.0,0.0,11.0,29.0,0.222,0.271,0.304,0.574,57.0,48.0,4.0,0.0,7.0,1.0,3.0,1970
5.0,3B,Ed Spiezio,28.0,110.0,369.0,316.0,45.0,90.0,18.0,1.0,12.0,42.0,4.0,0.0,43.0,42.0,0.285,0.373,0.462,0.835,128.0,146.0,7.0,4.0,2.0,4.0,2.0,1970
6.0,LF,Al Ferrara,30.0,138.0,430.0,372.0,44.0,103.0,15.0,4.0,13.0,51.0,0.0,0.0,46.0,63.0,0.27699999999999997,0.37200000000000005,0.444,0.816,123.0,165.0,8.0,11.0,0.0,1.0,2.0,1970
7.0,CF,Cito Gaston,26.0,146.0,629.0,584.0,92.0,186.0,26.0,9.0,29.0,93.0,4.0,1.0,41.0,142.0,0.318,0.364,0.5429999999999999,0.907,146.0,317.0,16.0,2.0,0.0,2.0,2.0,1970
8.0,RF,Ollie Brown,26.0,139.0,577.0,534.0,79.0,156.0,34.0,1.0,23.0,89.0,5.0,3.0,34.0,78.0,0.292,0.331,0.489,0.82,122.0,261.0,14.0,0.0,3.0,6.0,8.0,1970
1.0,C,Nick Hundley,24.0,60.0,216.0,198.0,21.0,47.0,7.0,1.0,5.0,24.0,0.0,0.0,11.0,52.0,0.237,0.278,0.359,0.636,76.0,71.0,1.0,2.0,0.0,5.0,0.0,2008
2.0,1B,Adrian Gonzalez*,26.0,162.0,700.0,616.0,103.0,172.0,32.0,1.0,36.0,119.0,0.0,0.0,74.0,142.0,0.27899999999999997,0.361,0.51,0.871,140.0,314.0,24.0,7.0,0.0,3.0,18.0,2008
3.0,2B,Tadahito Iguchi,33.0,81.0,330.0,303.0,29.0,70.0,14.0,1.0,2.0,24.0,8.0,1.0,26.0,75.0,0.231,0.292,0.304,0.595,67.0,92.0,11.0,0.0,1.0,0.0,0.0,2008
4.0,SS,Khalil Greene,28.0,105.0,423.0,389.0,30.0,83.0,15.0,2.0,10.0,35.0,5.0,1.0,22.0,100.0,0.213,0.26,0.33899999999999997,0.599,66.0,132.0,7.0,5.0,0.0,7.0,1.0,2008
5.0,3B,Kevin Kouzmanoff,26.0,154.0,668.0,624.0,71.0,162.0,31.0,4.0,23.0,84.0,0.0,0.0,23.0,139.0,0.26,0.299,0.433,0.732,101.0,270.0,14.0,15.0,0.0,6.0,3.0,2008
6.0,LF,Chase Headley#,24.0,91.0,368.0,331.0,34.0,89.0,19.0,2.0,9.0,38.0,4.0,1.0,30.0,104.0,0.26899999999999996,0.337,0.42,0.757,110.0,139.0,5.0,5.0,0.0,2.0,1.0,2008
7.0,CF,Jody Gerut*,30.0,100.0,356.0,328.0,46.0,97.0,15.0,4.0,14.0,43.0,6.0,4.0,28.0,52.0,0.29600000000000004,0.35100000000000003,0.494,0.845,133.0,162.0,1.0,0.0,0.0,0.0,0.0,2008
8.0,RF,Brian Giles*,37.0,147.0,653.0,559.0,81.0,171.0,40.0,4.0,12.0,63.0,2.0,2.0,87.0,52.0,0.306,0.39799999999999996,0.456,0.8540000000000001,138.0,255.0,18.0,2.0,0.0,5.0,2.0,2008
1.0,C,Rene Rivera,30.0,103.0,329.0,294.0,27.0,74.0,18.0,1.0,11.0,44.0,0.0,0.0,27.0,76.0,0.252,0.319,0.43200000000000005,0.7509999999999999,116.0,127.0,6.0,3.0,3.0,2.0,3.0,2014
2.0,1B,Yonder Alonso*,27.0,84.0,288.0,267.0,27.0,64.0,19.0,1.0,7.0,27.0,6.0,1.0,17.0,36.0,0.24,0.285,0.397,0.682,96.0,106.0,8.0,1.0,0.0,3.0,1.0,2014
3.0,2B,Jedd Gyorko,25.0,111.0,443.0,400.0,37.0,84.0,17.0,1.0,10.0,51.0,3.0,2.0,36.0,100.0,0.21,0.28,0.33299999999999996,0.612,78.0,133.0,8.0,4.0,0.0,3.0,1.0,2014
4.0,SS,Everth Cabrera#,27.0,90.0,391.0,357.0,36.0,83.0,13.0,1.0,3.0,20.0,18.0,8.0,20.0,86.0,0.23199999999999998,0.272,0.3,0.5720000000000001,67.0,107.0,5.0,1.0,9.0,4.0,0.0,2014
5.0,3B,Chase Headley#,30.0,77.0,307.0,279.0,27.0,64.0,12.0,1.0,7.0,32.0,4.0,1.0,22.0,73.0,0.22899999999999998,0.29600000000000004,0.355,0.6509999999999999,89.0,99.0,12.0,5.0,0.0,1.0,0.0,2014
6.0,LF,Seth Smith*,31.0,136.0,521.0,443.0,55.0,118.0,31.0,5.0,12.0,48.0,1.0,1.0,69.0,87.0,0.266,0.36700000000000005,0.44,0.807,134.0,195.0,9.0,4.0,0.0,4.0,3.0,2014
7.0,CF,Cameron Maybin,27.0,95.0,272.0,251.0,24.0,59.0,13.0,4.0,1.0,15.0,4.0,3.0,19.0,56.0,0.235,0.29,0.331,0.621,81.0,83.0,8.0,1.0,0.0,1.0,2.0,2014
8.0,RF,Will Venable*,31.0,146.0,448.0,406.0,47.0,91.0,13.0,2.0,8.0,33.0,11.0,6.0,33.0,107.0,0.22399999999999998,0.28800000000000003,0.325,0.613,78.0,132.0,6.0,4.0,3.0,2.0,2.0,2014
1.0,C,Fred Kendall,26.0,103.0,314.0,286.0,16.0,57.0,12.0,1.0,0.0,24.0,0.0,1.0,26.0,28.0,0.19899999999999998,0.265,0.248,0.513,47.0,71.0,10.0,0.0,1.0,1.0,5.0,1975
2.0,1B,Willie McCovey*,37.0,122.0,475.0,413.0,43.0,104.0,17.0,0.0,23.0,68.0,1.0,0.0,57.0,80.0,0.252,0.345,0.46,0.805,129.0,190.0,10.0,3.0,0.0,2.0,8.0,1975
3.0,2B,Tito Fuentes#,31.0,146.0,613.0,565.0,57.0,158.0,21.0,3.0,4.0,43.0,8.0,8.0,25.0,51.0,0.28,0.309,0.349,0.6579999999999999,88.0,197.0,15.0,3.0,12.0,8.0,2.0,1975
4.0,SS,Enzo Hernandez,26.0,116.0,399.0,344.0,37.0,75.0,12.0,2.0,0.0,19.0,20.0,4.0,26.0,25.0,0.218,0.275,0.265,0.539,55.0,91.0,7.0,2.0,24.0,3.0,0.0,1975
5.0,3B,Mike Ivie,22.0,111.0,411.0,377.0,36.0,94.0,16.0,2.0,8.0,46.0,4.0,4.0,20.0,63.0,0.249,0.29100000000000004,0.366,0.657,87.0,138.0,12.0,4.0,5.0,5.0,2.0,1975
6.0,LF,Bobby Tolan*,29.0,147.0,560.0,506.0,58.0,129.0,19.0,4.0,5.0,43.0,11.0,13.0,28.0,45.0,0.255,0.306,0.33799999999999997,0.644,84.0,171.0,15.0,10.0,14.0,2.0,3.0,1975
7.0,CF,Johnny Grubb*,26.0,144.0,625.0,553.0,72.0,149.0,36.0,2.0,4.0,38.0,2.0,7.0,59.0,59.0,0.26899999999999996,0.342,0.363,0.706,102.0,201.0,7.0,5.0,3.0,5.0,4.0,1975
8.0,RF,Dave Winfield,23.0,143.0,591.0,509.0,74.0,136.0,20.0,2.0,15.0,76.0,23.0,4.0,69.0,82.0,0.267,0.354,0.40299999999999997,0.7559999999999999,116.0,205.0,11.0,3.0,3.0,7.0,14.0,1975
1.0,C,Brad Ausmus,25.0,101.0,366.0,327.0,45.0,82.0,12.0,1.0,7.0,24.0,5.0,1.0,30.0,63.0,0.251,0.314,0.358,0.672,77.0,117.0,8.0,1.0,6.0,2.0,12.0,1994
2.0,1B,Eddie Williams,29.0,49.0,196.0,175.0,32.0,58.0,11.0,1.0,11.0,42.0,0.0,1.0,15.0,26.0,0.331,0.392,0.594,0.986,156.0,104.0,10.0,3.0,2.0,1.0,1.0,1994
3.0,2B,Bip Roberts#,30.0,105.0,449.0,403.0,52.0,129.0,15.0,5.0,2.0,31.0,21.0,7.0,39.0,57.0,0.32,0.38299999999999995,0.397,0.78,107.0,160.0,7.0,3.0,2.0,2.0,1.0,1994
4.0,SS,Ricky Gutierrez,24.0,90.0,314.0,275.0,27.0,66.0,11.0,2.0,1.0,28.0,2.0,6.0,32.0,54.0,0.24,0.321,0.305,0.626,67.0,84.0,8.0,2.0,2.0,3.0,1.0,1994
5.0,3B,Scott Livingstone*,28.0,57.0,187.0,180.0,11.0,49.0,12.0,1.0,2.0,10.0,2.0,2.0,6.0,22.0,0.272,0.294,0.38299999999999995,0.677,78.0,69.0,5.0,0.0,0.0,1.0,0.0,1994
6.0,LF,Phil Plantier*,25.0,96.0,385.0,341.0,44.0,75.0,21.0,0.0,18.0,41.0,3.0,1.0,36.0,91.0,0.22,0.302,0.44,0.742,93.0,150.0,8.0,5.0,1.0,2.0,6.0,1994
7.0,CF,Derek Bell,25.0,108.0,466.0,434.0,54.0,135.0,20.0,0.0,14.0,54.0,24.0,8.0,29.0,88.0,0.311,0.354,0.45399999999999996,0.8079999999999999,112.0,197.0,14.0,1.0,0.0,2.0,5.0,1994
8.0,RF,Tony Gwynn*,34.0,110.0,475.0,419.0,79.0,165.0,35.0,1.0,12.0,64.0,5.0,0.0,48.0,19.0,0.39399999999999996,0.45399999999999996,0.568,1.022,169.0,238.0,20.0,2.0,1.0,5.0,16.0,1994
1.0,C,Tom Lampkin*,38.0,104.0,327.0,281.0,32.0,61.0,10.0,1.0,10.0,37.0,4.0,2.0,38.0,59.0,0.217,0.313,0.36700000000000005,0.679,87.0,103.0,4.0,3.0,1.0,4.0,7.0,2002
2.0,1B,Ryan Klesko*,31.0,146.0,625.0,540.0,90.0,162.0,39.0,1.0,29.0,95.0,6.0,2.0,76.0,86.0,0.3,0.38799999999999996,0.537,0.925,152.0,290.0,7.0,4.0,1.0,4.0,11.0,2002
3.0,2B,Ramon Vazquez*,25.0,128.0,474.0,423.0,50.0,116.0,21.0,5.0,2.0,32.0,7.0,2.0,45.0,79.0,0.27399999999999997,0.344,0.36200000000000004,0.706,95.0,153.0,6.0,1.0,3.0,2.0,3.0,2002
4.0,SS,Deivi Cruz,29.0,151.0,547.0,514.0,49.0,135.0,28.0,2.0,7.0,47.0,2.0,3.0,22.0,58.0,0.263,0.294,0.366,0.66,81.0,188.0,20.0,3.0,3.0,5.0,2.0,2002
5.0,3B,Phil Nevin,31.0,107.0,450.0,407.0,53.0,116.0,16.0,0.0,12.0,57.0,4.0,0.0,38.0,87.0,0.285,0.344,0.413,0.757,108.0,168.0,12.0,1.0,0.0,4.0,4.0,2002
6.0,LF,Ron Gant,37.0,102.0,353.0,309.0,58.0,81.0,14.0,1.0,18.0,59.0,4.0,6.0,36.0,59.0,0.262,0.33799999999999997,0.489,0.8270000000000001,125.0,151.0,8.0,2.0,1.0,5.0,1.0,2002
7.0,CF,Mark Kotsay*,26.0,153.0,646.0,578.0,82.0,169.0,27.0,7.0,17.0,61.0,11.0,9.0,59.0,89.0,0.292,0.359,0.452,0.81,122.0,261.0,10.0,3.0,2.0,4.0,0.0,2002
8.0,RF,Bubba Trammell,30.0,133.0,465.0,403.0,54.0,98.0,16.0,1.0,17.0,56.0,1.0,3.0,53.0,71.0,0.243,0.33299999999999996,0.414,0.748,105.0,167.0,6.0,3.0,3.0,3.0,2.0,2002
1.0,C,Terry Kennedy*,26.0,153.0,604.0,562.0,75.0,166.0,42.0,1.0,21.0,97.0,1.0,0.0,26.0,91.0,0.295,0.32799999999999996,0.486,0.8140000000000001,130.0,273.0,7.0,5.0,3.0,8.0,9.0,1982
2.0,1B,Broderick Perkins*,27.0,125.0,382.0,347.0,32.0,94.0,10.0,4.0,2.0,34.0,2.0,1.0,26.0,20.0,0.271,0.325,0.34,0.665,90.0,118.0,6.0,3.0,3.0,2.0,10.0,1982
3.0,2B,Tim Flannery*,24.0,122.0,423.0,379.0,40.0,100.0,11.0,7.0,0.0,30.0,1.0,0.0,30.0,32.0,0.264,0.317,0.33,0.6459999999999999,85.0,125.0,4.0,2.0,6.0,6.0,10.0,1982
4.0,SS,Garry Templeton#,26.0,141.0,601.0,563.0,76.0,139.0,25.0,8.0,6.0,64.0,27.0,16.0,26.0,82.0,0.247,0.27899999999999997,0.35200000000000004,0.631,79.0,198.0,19.0,1.0,6.0,5.0,7.0,1982
5.0,3B,Luis Salazar,26.0,145.0,559.0,524.0,55.0,127.0,15.0,5.0,8.0,62.0,32.0,9.0,23.0,80.0,0.242,0.27399999999999997,0.336,0.61,73.0,176.0,10.0,2.0,5.0,5.0,10.0,1982
6.0,LF,Gene Richards*,28.0,132.0,562.0,521.0,63.0,149.0,13.0,8.0,3.0,28.0,30.0,20.0,36.0,52.0,0.28600000000000003,0.33299999999999996,0.359,0.6920000000000001,98.0,187.0,5.0,2.0,1.0,2.0,1.0,1982
7.0,CF,Ruppert Jones*,27.0,116.0,493.0,424.0,69.0,120.0,20.0,2.0,12.0,61.0,18.0,15.0,62.0,90.0,0.28300000000000003,0.373,0.425,0.7979999999999999,128.0,180.0,4.0,1.0,3.0,3.0,11.0,1982
8.0,RF,Sixto Lezcano,28.0,138.0,559.0,470.0,73.0,136.0,26.0,6.0,16.0,84.0,2.0,1.0,78.0,69.0,0.289,0.38799999999999996,0.47200000000000003,0.86,145.0,222.0,11.0,2.0,2.0,7.0,10.0,1982
1.0,C,Terry Kennedy*,29.0,143.0,565.0,532.0,54.0,139.0,27.0,1.0,10.0,74.0,0.0,0.0,31.0,102.0,0.261,0.301,0.37200000000000005,0.6729999999999999,89.0,198.0,19.0,0.0,0.0,2.0,10.0,1985
2.0,1B,Steve Garvey,36.0,162.0,699.0,654.0,80.0,184.0,34.0,6.0,17.0,81.0,0.0,0.0,35.0,67.0,0.281,0.318,0.43,0.748,109.0,281.0,25.0,3.0,1.0,6.0,7.0,1985
3.0,2B,Tim Flannery*,27.0,126.0,456.0,384.0,50.0,108.0,14.0,3.0,1.0,40.0,2.0,5.0,58.0,39.0,0.281,0.386,0.341,0.727,107.0,131.0,4.0,9.0,3.0,2.0,1.0,1985
4.0,SS,Garry Templeton#,29.0,148.0,596.0,546.0,63.0,154.0,30.0,2.0,6.0,55.0,16.0,6.0,41.0,88.0,0.282,0.332,0.377,0.7090000000000001,99.0,206.0,5.0,1.0,5.0,3.0,24.0,1985
5.0,3B,Graig Nettles*,40.0,137.0,515.0,440.0,66.0,115.0,23.0,1.0,15.0,61.0,0.0,0.0,72.0,59.0,0.261,0.363,0.42,0.784,120.0,185.0,10.0,0.0,0.0,3.0,5.0,1985
6.0,LF,Carmelo Martinez,24.0,150.0,610.0,514.0,64.0,130.0,28.0,1.0,21.0,72.0,0.0,4.0,87.0,82.0,0.253,0.36200000000000004,0.434,0.7959999999999999,123.0,223.0,10.0,3.0,2.0,4.0,4.0,1985
7.0,CF,Kevin McReynolds,25.0,152.0,616.0,564.0,61.0,132.0,24.0,4.0,15.0,75.0,4.0,0.0,43.0,81.0,0.23399999999999999,0.29,0.371,0.66,85.0,209.0,17.0,3.0,2.0,4.0,6.0,1985
8.0,RF,Tony Gwynn*,25.0,154.0,671.0,622.0,90.0,197.0,29.0,5.0,6.0,46.0,14.0,11.0,45.0,33.0,0.317,0.364,0.408,0.773,117.0,254.0,17.0,2.0,1.0,1.0,4.0,1985
1.0,C,Ramon Hernandez,29.0,99.0,392.0,369.0,36.0,107.0,19.0,2.0,12.0,58.0,1.0,0.0,18.0,40.0,0.29,0.322,0.45,0.772,108.0,166.0,14.0,1.0,1.0,3.0,0.0,2005
2.0,1B,Phil Nevin,34.0,73.0,306.0,281.0,31.0,72.0,11.0,1.0,9.0,47.0,1.0,0.0,19.0,67.0,0.256,0.301,0.39899999999999997,0.6990000000000001,89.0,112.0,2.0,1.0,0.0,5.0,0.0,2005
3.0,2B,Mark Loretta,33.0,105.0,463.0,404.0,54.0,113.0,16.0,1.0,3.0,38.0,8.0,4.0,45.0,34.0,0.28,0.36,0.34700000000000003,0.7070000000000001,95.0,140.0,11.0,8.0,2.0,4.0,4.0,2005
4.0,SS,Khalil Greene,25.0,121.0,476.0,436.0,51.0,109.0,30.0,2.0,15.0,70.0,5.0,0.0,25.0,93.0,0.25,0.29600000000000004,0.431,0.727,96.0,188.0,8.0,6.0,3.0,6.0,3.0,2005
5.0,3B,Sean Burroughs*,24.0,93.0,317.0,284.0,20.0,71.0,7.0,2.0,1.0,17.0,4.0,0.0,24.0,41.0,0.25,0.318,0.299,0.618,71.0,85.0,7.0,5.0,3.0,1.0,4.0,2005
6.0,LF,Ryan Klesko*,34.0,137.0,520.0,443.0,61.0,110.0,19.0,1.0,18.0,58.0,3.0,4.0,75.0,80.0,0.248,0.358,0.418,0.775,111.0,185.0,6.0,1.0,0.0,1.0,2.0,2005
7.0,CF,Dave Roberts*,33.0,115.0,480.0,411.0,65.0,113.0,19.0,10.0,8.0,38.0,23.0,12.0,53.0,59.0,0.275,0.35600000000000004,0.428,0.784,113.0,176.0,9.0,1.0,11.0,4.0,3.0,2005
8.0,RF,Brian Giles*,34.0,158.0,674.0,545.0,92.0,164.0,38.0,8.0,15.0,83.0,13.0,5.0,119.0,64.0,0.301,0.423,0.483,0.905,147.0,263.0,14.0,2.0,0.0,8.0,9.0,2005
1.0,C,Kevin Higgins*,26.0,71.0,202.0,181.0,17.0,40.0,4.0,1.0,0.0,13.0,0.0,1.0,16.0,17.0,0.221,0.294,0.254,0.5479999999999999,48.0,46.0,7.0,3.0,1.0,1.0,0.0,1993
2.0,1B,Fred McGriff*,29.0,83.0,349.0,302.0,52.0,83.0,11.0,1.0,18.0,46.0,4.0,3.0,42.0,55.0,0.275,0.361,0.49700000000000005,0.858,127.0,150.0,9.0,1.0,0.0,4.0,4.0,1993
3.0,2B,Jeff Gardner*,29.0,140.0,452.0,404.0,53.0,106.0,21.0,7.0,1.0,24.0,2.0,6.0,45.0,69.0,0.262,0.337,0.35600000000000004,0.693,86.0,144.0,3.0,1.0,1.0,1.0,0.0,1993
4.0,SS,Ricky Gutierrez,23.0,133.0,495.0,438.0,76.0,110.0,10.0,5.0,5.0,26.0,4.0,3.0,50.0,97.0,0.251,0.33399999999999996,0.331,0.665,79.0,145.0,7.0,5.0,1.0,1.0,2.0,1993
5.0,3B,Gary Sheffield,24.0,68.0,282.0,258.0,34.0,76.0,12.0,2.0,10.0,36.0,5.0,1.0,18.0,30.0,0.295,0.344,0.473,0.8170000000000001,116.0,122.0,9.0,3.0,0.0,3.0,0.0,1993
6.0,LF,Phil Plantier*,24.0,138.0,536.0,462.0,67.0,111.0,20.0,1.0,34.0,100.0,4.0,5.0,61.0,124.0,0.24,0.335,0.509,0.843,122.0,235.0,4.0,7.0,1.0,5.0,7.0,1993
7.0,CF,Derek Bell,24.0,150.0,585.0,542.0,73.0,142.0,19.0,1.0,21.0,72.0,26.0,5.0,23.0,122.0,0.262,0.303,0.41700000000000004,0.72,90.0,226.0,7.0,12.0,0.0,8.0,5.0,1993
8.0,RF,Tony Gwynn*,33.0,122.0,534.0,489.0,70.0,175.0,41.0,3.0,7.0,59.0,14.0,1.0,36.0,19.0,0.358,0.39799999999999996,0.49700000000000005,0.895,138.0,243.0,18.0,1.0,1.0,7.0,11.0,1993
1.0,C,Fred Kendall,23.0,91.0,289.0,273.0,18.0,59.0,3.0,4.0,6.0,18.0,0.0,0.0,11.0,42.0,0.21600000000000003,0.247,0.322,0.569,67.0,88.0,5.0,1.0,1.0,3.0,3.0,1972
2.0,1B,Nate Colbert,26.0,151.0,643.0,563.0,87.0,141.0,27.0,2.0,38.0,111.0,15.0,6.0,70.0,127.0,0.25,0.33299999999999996,0.508,0.841,145.0,286.0,12.0,2.0,3.0,5.0,14.0,1972
3.0,2B,Derrel Thomas#,21.0,130.0,550.0,500.0,48.0,115.0,15.0,5.0,5.0,36.0,9.0,9.0,41.0,73.0,0.23,0.29,0.31,0.6,77.0,155.0,6.0,2.0,6.0,1.0,1.0,1972
4.0,SS,Enzo Hernandez,23.0,114.0,369.0,329.0,33.0,64.0,11.0,2.0,1.0,15.0,24.0,3.0,22.0,25.0,0.195,0.243,0.249,0.49200000000000005,46.0,82.0,5.0,0.0,15.0,3.0,6.0,1972
5.0,3B,Dave Roberts,21.0,100.0,443.0,418.0,38.0,102.0,17.0,0.0,5.0,33.0,7.0,2.0,18.0,64.0,0.244,0.275,0.321,0.595,75.0,134.0,5.0,0.0,6.0,1.0,1.0,1972
6.0,LF,Leron Lee*,24.0,101.0,405.0,370.0,50.0,111.0,23.0,7.0,12.0,47.0,2.0,5.0,29.0,58.0,0.3,0.353,0.49700000000000005,0.85,149.0,184.0,9.0,3.0,0.0,3.0,4.0,1972
7.0,CF,Johnny Jeter,27.0,110.0,347.0,326.0,25.0,72.0,4.0,3.0,7.0,21.0,11.0,5.0,18.0,92.0,0.221,0.266,0.316,0.5820000000000001,71.0,103.0,9.0,2.0,1.0,0.0,4.0,1972
8.0,RF,Cito Gaston,28.0,111.0,403.0,379.0,30.0,102.0,14.0,0.0,7.0,44.0,0.0,2.0,22.0,76.0,0.26899999999999996,0.313,0.361,0.674,99.0,137.0,13.0,2.0,0.0,0.0,2.0,1972
1.0,C,Nick Hundley,29.0,114.0,408.0,373.0,35.0,87.0,19.0,0.0,13.0,44.0,1.0,0.0,26.0,98.0,0.233,0.29,0.389,0.679,94.0,145.0,7.0,5.0,1.0,3.0,5.0,2013
2.0,1B,Yonder Alonso*,26.0,97.0,375.0,334.0,34.0,94.0,11.0,0.0,6.0,45.0,6.0,0.0,32.0,47.0,0.281,0.341,0.368,0.71,106.0,123.0,9.0,2.0,0.0,7.0,5.0,2013
3.0,2B,Jedd Gyorko,24.0,125.0,525.0,486.0,62.0,121.0,26.0,0.0,23.0,63.0,1.0,1.0,33.0,123.0,0.249,0.301,0.444,0.745,113.0,216.0,14.0,4.0,0.0,2.0,1.0,2013
4.0,SS,Everth Cabrera#,26.0,95.0,435.0,381.0,54.0,108.0,15.0,5.0,4.0,31.0,37.0,12.0,41.0,69.0,0.28300000000000003,0.355,0.381,0.736,113.0,145.0,1.0,2.0,10.0,1.0,0.0,2013
5.0,3B,Chase Headley#,29.0,141.0,600.0,520.0,59.0,130.0,35.0,2.0,13.0,50.0,8.0,4.0,67.0,142.0,0.25,0.34700000000000003,0.4,0.747,116.0,208.0,9.0,11.0,0.0,2.0,7.0,2013
6.0,LF,Carlos Quentin,30.0,82.0,320.0,276.0,42.0,76.0,21.0,0.0,13.0,44.0,0.0,0.0,31.0,55.0,0.275,0.363,0.493,0.855,145.0,136.0,7.0,9.0,0.0,4.0,0.0,2013
7.0,CF,Alexi Amarista*,24.0,146.0,396.0,368.0,35.0,87.0,14.0,4.0,5.0,32.0,4.0,2.0,22.0,57.0,0.23600000000000002,0.282,0.337,0.619,79.0,124.0,7.0,2.0,3.0,1.0,1.0,2013
8.0,RF,Will Venable*,30.0,151.0,515.0,481.0,64.0,129.0,22.0,8.0,22.0,53.0,22.0,6.0,29.0,118.0,0.268,0.312,0.484,0.7959999999999999,126.0,233.0,6.0,2.0,2.0,1.0,4.0,2013
1.0,C,Terry Kennedy*,28.0,148.0,570.0,530.0,54.0,127.0,16.0,1.0,14.0,57.0,1.0,2.0,33.0,99.0,0.24,0.284,0.353,0.637,79.0,187.0,16.0,2.0,0.0,5.0,8.0,1984
2.0,1B,Steve Garvey,35.0,161.0,653.0,617.0,72.0,175.0,27.0,2.0,8.0,86.0,1.0,2.0,24.0,64.0,0.284,0.307,0.373,0.68,91.0,230.0,25.0,1.0,1.0,10.0,3.0,1984
3.0,2B,Alan Wiggins#,26.0,158.0,692.0,596.0,106.0,154.0,19.0,7.0,3.0,34.0,70.0,21.0,75.0,57.0,0.258,0.342,0.32899999999999996,0.6709999999999999,90.0,196.0,2.0,3.0,14.0,4.0,1.0,1984
4.0,SS,Garry Templeton#,28.0,148.0,535.0,493.0,40.0,127.0,19.0,3.0,2.0,35.0,8.0,3.0,39.0,81.0,0.258,0.312,0.32,0.633,79.0,158.0,10.0,1.0,0.0,2.0,23.0,1984
5.0,3B,Graig Nettles*,39.0,124.0,465.0,395.0,56.0,90.0,11.0,1.0,20.0,65.0,0.0,0.0,58.0,55.0,0.228,0.32899999999999996,0.413,0.742,108.0,163.0,12.0,5.0,0.0,7.0,4.0,1984
6.0,LF,Carmelo Martinez,23.0,149.0,570.0,488.0,64.0,122.0,28.0,2.0,13.0,66.0,1.0,3.0,68.0,82.0,0.25,0.34,0.395,0.736,107.0,193.0,7.0,4.0,0.0,10.0,4.0,1984
7.0,CF,Kevin McReynolds,24.0,147.0,571.0,525.0,68.0,146.0,26.0,6.0,20.0,75.0,3.0,6.0,34.0,69.0,0.278,0.317,0.465,0.782,118.0,244.0,14.0,0.0,3.0,9.0,8.0,1984
8.0,RF,Tony Gwynn*,24.0,158.0,675.0,606.0,88.0,213.0,21.0,10.0,5.0,71.0,33.0,18.0,59.0,23.0,0.35100000000000003,0.41,0.444,0.853,141.0,269.0,15.0,2.0,6.0,2.0,13.0,1984
1.0,C,Austin Hedges,27.0,29.0,71.0,57.0,7.0,9.0,1.0,0.0,3.0,6.0,1.0,1.0,6.0,18.0,0.158,0.258,0.33299999999999996,0.591,63.0,19.0,3.0,2.0,5.0,1.0,0.0,2020
2.0,1B,Eric Hosmer*,30.0,38.0,156.0,143.0,23.0,41.0,6.0,0.0,9.0,36.0,4.0,0.0,9.0,28.0,0.287,0.33299999999999996,0.517,0.851,131.0,74.0,3.0,2.0,0.0,2.0,0.0,2020
3.0,2B,Jake Cronenworth*,26.0,54.0,192.0,172.0,26.0,49.0,15.0,3.0,4.0,20.0,3.0,1.0,18.0,30.0,0.285,0.354,0.47700000000000004,0.831,128.0,82.0,4.0,1.0,0.0,1.0,0.0,2020
4.0,SS,Fernando Tatis Jr.,21.0,59.0,257.0,224.0,50.0,62.0,11.0,2.0,17.0,45.0,11.0,3.0,27.0,61.0,0.27699999999999997,0.366,0.5710000000000001,0.937,155.0,128.0,6.0,5.0,0.0,1.0,1.0,2020
5.0,3B,Manny Machado,27.0,60.0,254.0,224.0,44.0,68.0,12.0,1.0,16.0,47.0,6.0,3.0,26.0,37.0,0.304,0.37,0.58,0.95,158.0,130.0,9.0,0.0,0.0,4.0,4.0,2020
6.0,LF,Jurickson Profar#,27.0,56.0,202.0,180.0,28.0,50.0,6.0,0.0,7.0,25.0,7.0,1.0,15.0,28.0,0.278,0.34299999999999997,0.428,0.7709999999999999,113.0,77.0,1.0,4.0,1.0,2.0,0.0,2020
7.0,CF,Trent Grisham*,23.0,59.0,252.0,215.0,42.0,54.0,8.0,3.0,10.0,26.0,10.0,1.0,31.0,64.0,0.251,0.35200000000000004,0.456,0.8079999999999999,122.0,98.0,1.0,3.0,1.0,1.0,0.0,2020
8.0,RF,Wil Myers,29.0,55.0,218.0,198.0,34.0,57.0,14.0,2.0,15.0,40.0,2.0,1.0,18.0,56.0,0.28800000000000003,0.353,0.606,0.9590000000000001,159.0,120.0,0.0,2.0,0.0,0.0,0.0,2020
1.0,C,Ramon Hernandez,28.0,111.0,432.0,384.0,45.0,106.0,23.0,0.0,18.0,63.0,1.0,0.0,35.0,45.0,0.276,0.341,0.47700000000000004,0.818,118.0,183.0,16.0,5.0,4.0,4.0,0.0,2004
2.0,1B,Phil Nevin,33.0,147.0,623.0,547.0,78.0,158.0,31.0,1.0,26.0,105.0,0.0,0.0,66.0,121.0,0.289,0.368,0.49200000000000005,0.8590000000000001,130.0,269.0,16.0,5.0,0.0,5.0,5.0,2004
3.0,2B,Mark Loretta,32.0,154.0,707.0,620.0,108.0,208.0,47.0,2.0,16.0,76.0,5.0,3.0,58.0,45.0,0.335,0.391,0.495,0.8859999999999999,138.0,307.0,10.0,9.0,4.0,16.0,3.0,2004
4.0,SS,Khalil Greene,24.0,139.0,554.0,484.0,67.0,132.0,31.0,4.0,15.0,65.0,4.0,2.0,53.0,94.0,0.273,0.349,0.446,0.795,114.0,216.0,9.0,8.0,1.0,8.0,10.0,2004
5.0,3B,Sean Burroughs*,23.0,130.0,564.0,523.0,76.0,156.0,23.0,3.0,2.0,47.0,5.0,4.0,31.0,52.0,0.298,0.348,0.365,0.713,94.0,191.0,6.0,9.0,1.0,0.0,4.0,2004
6.0,LF,Ryan Klesko*,33.0,127.0,480.0,402.0,58.0,117.0,32.0,2.0,9.0,66.0,3.0,2.0,73.0,67.0,0.29100000000000004,0.39899999999999997,0.44799999999999995,0.847,129.0,180.0,8.0,1.0,1.0,3.0,6.0,2004
7.0,CF,Jay Payton,31.0,143.0,511.0,458.0,57.0,119.0,17.0,4.0,8.0,55.0,2.0,0.0,43.0,56.0,0.26,0.326,0.36700000000000005,0.693,88.0,168.0,12.0,4.0,2.0,4.0,2.0,2004
8.0,RF,Brian Giles*,33.0,159.0,711.0,609.0,97.0,173.0,33.0,7.0,23.0,94.0,10.0,3.0,89.0,80.0,0.284,0.374,0.475,0.8490000000000001,128.0,289.0,12.0,4.0,0.0,9.0,6.0,2004
1.0,C,Fred Kendall,24.0,145.0,551.0,507.0,39.0,143.0,22.0,3.0,10.0,59.0,3.0,1.0,30.0,35.0,0.282,0.32,0.396,0.7170000000000001,106.0,201.0,17.0,1.0,8.0,5.0,4.0,1973
2.0,1B,Nate Colbert,27.0,145.0,598.0,529.0,73.0,143.0,25.0,2.0,22.0,80.0,9.0,8.0,54.0,146.0,0.27,0.34299999999999997,0.45,0.7929999999999999,128.0,238.0,12.0,8.0,1.0,6.0,9.0,1973
3.0,2B,Rich Morales,29.0,90.0,275.0,244.0,9.0,40.0,6.0,1.0,0.0,16.0,0.0,1.0,27.0,36.0,0.16399999999999998,0.245,0.19699999999999998,0.442,29.0,48.0,3.0,0.0,2.0,2.0,6.0,1973
4.0,SS,Derrel Thomas#,22.0,113.0,449.0,404.0,41.0,96.0,7.0,1.0,0.0,22.0,15.0,5.0,34.0,52.0,0.23800000000000002,0.299,0.26,0.5589999999999999,63.0,105.0,2.0,2.0,7.0,2.0,3.0,1973
5.0,3B,Dave Roberts,22.0,127.0,503.0,479.0,56.0,137.0,20.0,3.0,21.0,64.0,11.0,2.0,17.0,83.0,0.28600000000000003,0.31,0.47200000000000003,0.782,123.0,226.0,6.0,1.0,3.0,3.0,3.0,1973
6.0,LF,Leron Lee*,25.0,118.0,369.0,333.0,36.0,79.0,7.0,2.0,3.0,30.0,4.0,0.0,33.0,61.0,0.237,0.306,0.297,0.604,75.0,99.0,9.0,1.0,0.0,2.0,3.0,1973
7.0,CF,Johnny Grubb*,24.0,113.0,432.0,389.0,52.0,121.0,22.0,3.0,8.0,37.0,9.0,3.0,37.0,50.0,0.311,0.373,0.445,0.818,136.0,173.0,6.0,2.0,3.0,1.0,2.0,1973
8.0,RF,Cito Gaston,29.0,133.0,500.0,476.0,51.0,119.0,18.0,4.0,16.0,57.0,0.0,0.0,20.0,88.0,0.25,0.281,0.405,0.6859999999999999,96.0,193.0,10.0,1.0,1.0,2.0,3.0,1973
1.0,C,Benito Santiago,27.0,106.0,411.0,386.0,37.0,97.0,21.0,0.0,10.0,42.0,2.0,5.0,21.0,52.0,0.251,0.287,0.38299999999999995,0.6709999999999999,87.0,148.0,14.0,0.0,0.0,4.0,1.0,1992
2.0,1B,Fred McGriff*,28.0,152.0,632.0,531.0,79.0,152.0,30.0,4.0,35.0,104.0,8.0,6.0,96.0,108.0,0.28600000000000003,0.39399999999999996,0.556,0.95,165.0,295.0,14.0,1.0,0.0,4.0,23.0,1992
3.0,2B,Kurt Stillwell#,27.0,114.0,416.0,379.0,35.0,86.0,15.0,3.0,2.0,24.0,4.0,1.0,26.0,58.0,0.22699999999999998,0.27399999999999997,0.298,0.5720000000000001,61.0,113.0,6.0,1.0,4.0,6.0,9.0,1992
4.0,SS,Tony Fernandez#,30.0,155.0,694.0,622.0,84.0,171.0,32.0,4.0,4.0,37.0,20.0,20.0,56.0,62.0,0.275,0.337,0.359,0.696,96.0,223.0,6.0,4.0,9.0,3.0,4.0,1992
5.0,3B,Gary Sheffield,23.0,146.0,618.0,557.0,87.0,184.0,34.0,3.0,33.0,100.0,5.0,6.0,48.0,40.0,0.33,0.385,0.58,0.965,168.0,323.0,19.0,6.0,0.0,7.0,5.0,1992
6.0,LF,Jerald Clark,28.0,146.0,526.0,496.0,45.0,120.0,22.0,6.0,12.0,58.0,3.0,0.0,22.0,97.0,0.242,0.278,0.38299999999999995,0.6609999999999999,85.0,190.0,7.0,4.0,1.0,3.0,3.0,1992
7.0,CF,Darrin Jackson,28.0,155.0,628.0,587.0,72.0,146.0,23.0,5.0,17.0,70.0,14.0,3.0,26.0,106.0,0.249,0.28300000000000003,0.392,0.675,88.0,230.0,21.0,4.0,6.0,5.0,4.0,1992
8.0,RF,Tony Gwynn*,32.0,128.0,569.0,520.0,77.0,165.0,27.0,3.0,6.0,41.0,3.0,6.0,46.0,16.0,0.317,0.371,0.415,0.7859999999999999,121.0,216.0,12.0,0.0,0.0,3.0,12.0,1992
1.0,C,Nick Hundley,28.0,58.0,225.0,204.0,14.0,32.0,7.0,1.0,3.0,22.0,0.0,3.0,15.0,56.0,0.157,0.21899999999999997,0.245,0.46399999999999997,31.0,50.0,4.0,2.0,1.0,3.0,2.0,2012
2.0,1B,Yonder Alonso*,25.0,155.0,619.0,549.0,47.0,150.0,39.0,0.0,9.0,62.0,3.0,0.0,62.0,101.0,0.273,0.348,0.39299999999999996,0.741,110.0,216.0,14.0,3.0,1.0,4.0,9.0,2012
3.0,2B,Logan Forsythe,25.0,91.0,350.0,315.0,45.0,86.0,13.0,3.0,6.0,26.0,8.0,2.0,28.0,57.0,0.273,0.34299999999999997,0.39,0.733,107.0,123.0,6.0,6.0,0.0,1.0,0.0,2012
4.0,SS,Everth Cabrera#,25.0,115.0,449.0,398.0,49.0,98.0,19.0,3.0,2.0,24.0,44.0,4.0,43.0,110.0,0.24600000000000002,0.324,0.324,0.648,85.0,129.0,3.0,3.0,5.0,0.0,2.0,2012
5.0,3B,Chase Headley#,28.0,161.0,699.0,604.0,95.0,173.0,31.0,2.0,31.0,115.0,17.0,6.0,86.0,157.0,0.28600000000000003,0.376,0.498,0.875,145.0,301.0,7.0,4.0,0.0,5.0,2.0,2012
6.0,LF,Carlos Quentin,29.0,86.0,340.0,284.0,44.0,74.0,21.0,0.0,16.0,46.0,0.0,1.0,36.0,41.0,0.261,0.374,0.504,0.877,146.0,143.0,6.0,17.0,0.0,3.0,2.0,2012
7.0,CF,Cameron Maybin,25.0,147.0,561.0,507.0,67.0,123.0,20.0,5.0,8.0,45.0,26.0,7.0,44.0,110.0,0.243,0.306,0.349,0.6559999999999999,85.0,177.0,12.0,4.0,3.0,3.0,1.0,2012
8.0,RF,Will Venable*,29.0,148.0,470.0,417.0,62.0,110.0,26.0,8.0,9.0,45.0,24.0,6.0,41.0,94.0,0.264,0.335,0.429,0.765,115.0,179.0,2.0,5.0,5.0,2.0,2.0,2012
1.0,C,Derek Norris,26.0,147.0,557.0,515.0,65.0,129.0,33.0,2.0,14.0,62.0,4.0,1.0,35.0,131.0,0.25,0.305,0.40399999999999997,0.7090000000000001,97.0,208.0,5.0,6.0,0.0,1.0,1.0,2015
2.0,1B,Yonder Alonso*,28.0,103.0,402.0,354.0,50.0,100.0,18.0,1.0,5.0,31.0,2.0,5.0,42.0,48.0,0.282,0.361,0.381,0.742,109.0,135.0,13.0,3.0,0.0,3.0,3.0,2015
3.0,2B,Jedd Gyorko,26.0,128.0,458.0,421.0,34.0,104.0,15.0,0.0,16.0,57.0,0.0,1.0,27.0,107.0,0.247,0.297,0.397,0.6940000000000001,93.0,167.0,13.0,5.0,0.0,5.0,1.0,2015
4.0,SS,Alexi Amarista*,26.0,118.0,357.0,324.0,28.0,66.0,10.0,4.0,3.0,30.0,5.0,1.0,24.0,55.0,0.204,0.257,0.287,0.544,53.0,93.0,6.0,1.0,3.0,5.0,4.0,2015
5.0,3B,Yangervis Solarte#,27.0,152.0,571.0,526.0,63.0,142.0,33.0,4.0,14.0,63.0,1.0,0.0,34.0,56.0,0.27,0.32,0.428,0.748,107.0,225.0,15.0,6.0,2.0,3.0,0.0,2015
6.0,LF,Justin Upton,27.0,150.0,620.0,542.0,85.0,136.0,26.0,3.0,26.0,81.0,19.0,5.0,68.0,159.0,0.251,0.336,0.45399999999999996,0.79,119.0,246.0,10.0,4.0,0.0,5.0,5.0,2015
7.0,CF,Will Venable*,32.0,98.0,308.0,283.0,34.0,73.0,10.0,3.0,6.0,30.0,11.0,1.0,25.0,73.0,0.258,0.318,0.37799999999999995,0.696,95.0,107.0,8.0,0.0,0.0,0.0,1.0,2015
8.0,RF,Matt Kemp,30.0,154.0,648.0,596.0,80.0,158.0,31.0,3.0,23.0,100.0,12.0,2.0,39.0,147.0,0.265,0.312,0.44299999999999995,0.755,109.0,264.0,17.0,5.0,0.0,8.0,0.0,2015
1.0,C,Brad Ausmus,26.0,103.0,369.0,328.0,44.0,96.0,16.0,4.0,5.0,34.0,16.0,5.0,31.0,56.0,0.293,0.353,0.41200000000000003,0.765,104.0,135.0,6.0,2.0,4.0,4.0,3.0,1995
2.0,1B,Eddie Williams,30.0,97.0,325.0,296.0,35.0,77.0,11.0,1.0,12.0,47.0,0.0,0.0,23.0,47.0,0.26,0.32,0.426,0.746,98.0,126.0,21.0,4.0,0.0,2.0,0.0,1995
3.0,2B,Jody Reed,32.0,131.0,515.0,445.0,58.0,114.0,18.0,1.0,4.0,40.0,6.0,4.0,59.0,38.0,0.256,0.348,0.32799999999999996,0.6759999999999999,82.0,146.0,9.0,5.0,3.0,3.0,1.0,1995
4.0,SS,Andujar Cedeno,25.0,120.0,424.0,390.0,42.0,82.0,16.0,2.0,6.0,31.0,5.0,3.0,28.0,92.0,0.21,0.271,0.308,0.579,55.0,120.0,12.0,5.0,0.0,1.0,7.0,1995
5.0,3B,Ken Caminiti#,32.0,143.0,602.0,526.0,74.0,159.0,33.0,0.0,26.0,94.0,12.0,5.0,69.0,94.0,0.302,0.38,0.513,0.894,137.0,270.0,11.0,1.0,0.0,6.0,8.0,1995
6.0,LF,Melvin Nieves#,23.0,98.0,262.0,234.0,32.0,48.0,6.0,1.0,14.0,38.0,2.0,3.0,19.0,88.0,0.205,0.276,0.419,0.695,83.0,98.0,9.0,5.0,1.0,3.0,0.0,1995
7.0,CF,Steve Finley*,30.0,139.0,630.0,562.0,104.0,167.0,23.0,8.0,10.0,44.0,36.0,12.0,59.0,62.0,0.297,0.366,0.42,0.7859999999999999,110.0,236.0,8.0,3.0,4.0,2.0,5.0,1995
8.0,RF,Tony Gwynn*,35.0,135.0,577.0,535.0,82.0,197.0,33.0,1.0,9.0,90.0,17.0,5.0,35.0,15.0,0.368,0.40399999999999997,0.484,0.888,137.0,259.0,20.0,1.0,0.0,6.0,10.0,1995
1.0,C,Fred Kendall,25.0,141.0,479.0,424.0,32.0,98.0,15.0,2.0,8.0,45.0,0.0,1.0,49.0,33.0,0.231,0.308,0.33299999999999996,0.6409999999999999,84.0,141.0,13.0,0.0,2.0,4.0,7.0,1974
2.0,1B,Willie McCovey*,36.0,128.0,443.0,344.0,53.0,87.0,19.0,1.0,22.0,63.0,1.0,0.0,96.0,76.0,0.253,0.41600000000000004,0.506,0.922,164.0,174.0,8.0,1.0,0.0,1.0,9.0,1974
3.0,2B,Derrel Thomas#,23.0,141.0,585.0,523.0,48.0,129.0,24.0,6.0,3.0,41.0,7.0,8.0,51.0,58.0,0.247,0.313,0.33299999999999996,0.645,85.0,174.0,10.0,1.0,6.0,4.0,7.0,1974
4.0,SS,Enzo Hernandez,25.0,147.0,563.0,512.0,55.0,119.0,19.0,2.0,0.0,34.0,37.0,10.0,38.0,36.0,0.23199999999999998,0.285,0.27699999999999997,0.562,62.0,142.0,4.0,0.0,12.0,1.0,2.0,1974
5.0,3B,Dave Roberts,23.0,113.0,360.0,318.0,26.0,53.0,10.0,1.0,5.0,18.0,2.0,0.0,32.0,69.0,0.16699999999999998,0.24600000000000002,0.252,0.49700000000000005,43.0,80.0,9.0,2.0,4.0,2.0,6.0,1974
6.0,LF,Dave Winfield,22.0,145.0,544.0,498.0,57.0,132.0,18.0,4.0,20.0,75.0,9.0,7.0,40.0,96.0,0.265,0.318,0.43799999999999994,0.7559999999999999,115.0,218.0,14.0,1.0,0.0,5.0,2.0,1974
7.0,CF,Johnny Grubb*,25.0,140.0,503.0,444.0,53.0,127.0,20.0,4.0,8.0,42.0,4.0,0.0,46.0,47.0,0.28600000000000003,0.355,0.40299999999999997,0.758,117.0,179.0,4.0,4.0,4.0,5.0,2.0,1974
8.0,RF,Bobby Tolan*,28.0,95.0,394.0,357.0,45.0,95.0,16.0,1.0,8.0,40.0,7.0,9.0,20.0,41.0,0.266,0.32,0.384,0.703,101.0,137.0,5.0,9.0,6.0,2.0,4.0,1974
1.0,C,Gary Bennett,31.0,96.0,338.0,307.0,26.0,73.0,15.0,0.0,2.0,42.0,3.0,0.0,24.0,48.0,0.23800000000000002,0.29600000000000004,0.306,0.602,64.0,94.0,8.0,2.0,3.0,2.0,3.0,2003
2.0,1B,Ryan Klesko*,32.0,121.0,474.0,397.0,47.0,100.0,18.0,0.0,21.0,67.0,2.0,5.0,65.0,83.0,0.252,0.354,0.456,0.81,118.0,181.0,11.0,3.0,0.0,9.0,5.0,2003
3.0,2B,Mark Loretta,31.0,154.0,653.0,589.0,74.0,185.0,28.0,4.0,13.0,72.0,5.0,4.0,54.0,62.0,0.314,0.37200000000000005,0.441,0.8140000000000001,120.0,260.0,17.0,3.0,3.0,4.0,2.0,2003
4.0,SS,Ramon Vazquez*,26.0,116.0,484.0,422.0,56.0,110.0,17.0,4.0,3.0,30.0,10.0,3.0,52.0,88.0,0.261,0.342,0.341,0.684,87.0,144.0,4.0,2.0,5.0,3.0,2.0,2003
5.0,3B,Sean Burroughs*,22.0,146.0,578.0,517.0,62.0,148.0,27.0,6.0,7.0,58.0,7.0,2.0,44.0,75.0,0.28600000000000003,0.35200000000000004,0.402,0.755,105.0,208.0,13.0,11.0,2.0,4.0,4.0,2003
6.0,LF,Rondell White,31.0,115.0,449.0,413.0,49.0,115.0,17.0,3.0,18.0,66.0,1.0,4.0,25.0,71.0,0.278,0.33,0.465,0.795,113.0,192.0,11.0,8.0,0.0,3.0,2.0,2003
7.0,CF,Mark Kotsay*,27.0,128.0,541.0,482.0,64.0,128.0,28.0,4.0,7.0,38.0,6.0,3.0,56.0,82.0,0.266,0.34299999999999997,0.384,0.726,97.0,185.0,8.0,1.0,1.0,1.0,3.0,2003
8.0,RF,Xavier Nady,24.0,110.0,404.0,371.0,50.0,99.0,17.0,1.0,9.0,39.0,6.0,2.0,24.0,74.0,0.267,0.321,0.391,0.7120000000000001,92.0,145.0,14.0,6.0,2.0,1.0,0.0,2003
1.0,C,Terry Kennedy*,27.0,149.0,612.0,549.0,47.0,156.0,27.0,2.0,17.0,98.0,1.0,3.0,51.0,89.0,0.284,0.342,0.434,0.7759999999999999,117.0,238.0,10.0,2.0,1.0,9.0,15.0,1983
2.0,1B,Steve Garvey,34.0,100.0,425.0,388.0,76.0,114.0,22.0,0.0,14.0,59.0,4.0,1.0,29.0,39.0,0.294,0.344,0.45899999999999996,0.802,124.0,178.0,16.0,3.0,0.0,5.0,11.0,1983
3.0,2B,Juan Bonilla,27.0,152.0,617.0,556.0,55.0,132.0,17.0,4.0,4.0,45.0,3.0,0.0,50.0,40.0,0.237,0.301,0.304,0.605,71.0,169.0,19.0,3.0,3.0,5.0,11.0,1983
4.0,SS,Garry Templeton#,27.0,126.0,490.0,460.0,39.0,121.0,20.0,2.0,3.0,40.0,16.0,6.0,21.0,57.0,0.263,0.294,0.335,0.629,77.0,154.0,16.0,0.0,7.0,2.0,7.0,1983
5.0,3B,Luis Salazar,27.0,134.0,510.0,481.0,52.0,124.0,16.0,2.0,14.0,45.0,24.0,9.0,17.0,80.0,0.258,0.285,0.387,0.672,87.0,186.0,4.0,2.0,8.0,2.0,8.0,1983
6.0,LF,Bobby Brown#,29.0,57.0,250.0,225.0,40.0,60.0,5.0,3.0,5.0,22.0,27.0,9.0,23.0,38.0,0.267,0.33299999999999996,0.382,0.716,101.0,86.0,1.0,0.0,1.0,1.0,0.0,1983
7.0,CF,Ruppert Jones*,28.0,133.0,372.0,335.0,42.0,78.0,12.0,3.0,12.0,49.0,11.0,11.0,35.0,58.0,0.233,0.305,0.39399999999999996,0.6990000000000001,96.0,132.0,8.0,0.0,2.0,0.0,4.0,1983
8.0,RF,Sixto Lezcano,29.0,97.0,373.0,317.0,41.0,74.0,11.0,2.0,8.0,49.0,0.0,0.0,47.0,66.0,0.233,0.331,0.35600000000000004,0.687,94.0,113.0,8.0,1.0,4.0,4.0,3.0,1983
